<?xml version="1.0" encoding="utf-8" ?>
<breeze-manifest version="1.0" xmlns="http://breeze.macromedia.com/ns/breeze-manifest" generator="ZB">
	<document type="custom-pod" id="com.adobe.connect.URLtester" version="1.0.001" minimumConnectServerVersion="11.2.0"/>
	<assets>
		<asset type="document-view">
			<entry href="MarqueeConnectv2.htm" href-html5="MarqueeConnectv2.htm"/>
			<file href="MarqueeConnectv2.htm"/>
			<file href="lib/"/>
			<file href="images/"/>
			<file href="lib/connect_customPodSDK.js"/>
			<file href="lib/marqueeCustomPodScript.js"/>
			<file href="lib/marqueeScript.js"/>
			<file href="lib/marqueeStyle.css"/>
			<file href="images/settings-gear-white.png"/>
		</asset>
	</assets>
</breeze-manifest>