<?xml version="1.0" encoding="utf-8" ?>
<breeze-manifest version="1.0" xmlns="http://breeze.macromedia.com/ns/breeze-manifest" generator="ZB">
	<document type="custom-pod" id="com.adobe.connect.booster" version="1.1.002"  minimumSDKversion="9.4.002" minimumConnectServerVersion="11.2.0"/>
	<assets>
		<asset type="document-view">
			<entry href="booster_html5.htm" href-html5="booster_html5.htm" />
			<file href="booster_html5.htm"/>
			<file href="img/"/>
			<file href="img/game-avatar.png"/>
            <file href="css/"/>
            <file href="css/styles.min.css"/>
            <file href="js/"/>
			<file href="js/booster.js"/>
            <file href="lib/"/>
            <file href="lib/connect_customPodSDK.js"/>
		</asset>
	</assets>
</breeze-manifest>