<?xml version="1.0" encoding="utf-8" ?>
<breeze-manifest version="1.0" xmlns="http://breeze.macromedia.com/ns/breeze-manifest" generator="ZB">
	<document type="custom-pod" id="com.adobe.connect.feedback" version="1.5.022"  minimumSDKversion="9.4.002" minimumConnectServerVersion="11.2.0"/>
	<assets>
		<asset type="document-view">
			<entry href="feedback_html5.htm"  href-html5="feedback_html5.htm"/>
			<file href="feedback_html5.htm"/>
			<file href="lib/"/>
			<file href="lib/connect_customPodSDK.js"/>
			<file href="js/"/>
			<file href="js/agreed.min.js"/>
			<file href="js/syncScript.min.js"/>
			<file href="css/"/>
			<file href="css/styles.min.css"/>
            <file href="img/"/>
            <file href="img/agree.png"/>
            <file href="img/disagree.png"/>
		</asset>
	</assets>
</breeze-manifest>