<?xml version="1.0" encoding="utf-8" ?>
<breeze-manifest version="1.0" xmlns="http://breeze.macromedia.com/ns/breeze-manifest" generator="ZB">
	<document type="custom-pod" id="com.adobe.connect.digital-timer" version="1.1.001" minimumSDKversion="11.0.000" minimumConnectServerVersion="11.0.000"/>
	<assets>
		<asset type="document-view">
			<entry href="timer_html5.htm" href-html5="timer_html5.htm" />
			<file href="timer_html5.htm"/>
			<file href="lib/"/>
			<file href="lib/connect_customPodSDK.js"/>
            <file href="js/"/>
            <file href="js/timer.min.js"/>
			<file href="js/syncScripts.min.js"/>
            <file href="css/"/>
            <file href="css/styles.min.css"/>
            <file href="fonts/"/>
            <file href="fonts/digital7.ttf"/>
		</asset>
	</assets>
</breeze-manifest>