<?xml version="1.0" encoding="utf-8" ?>
<breeze-manifest version="1.0" xmlns="http://breeze.macromedia.com/ns/breeze-manifest" generator="ZB">
	<document type="custom-pod" id="com.adobe.connect.serpentconnect" version="1.0.001" minimumSDKversion="9.4.002" minimumConnectServerVersion="11.2.0"/>
	<assets>
		<asset type="document-view">
			<entry href="serpent_html5.htm" href-html5="serpent_html5.htm" />
			<file href="serpent_html5.htm"/>
			<file href="js/"/>
			<file href="js/serpent.js"/>
			<file href="js/syncScript.js"/>
			<file href="lib/"/>
			<file href="lib/connect_customPodSDK.js"/>
			<file href="css/"/>
			<file href="css/styles.css"/>
		</asset>
	</assets>
</breeze-manifest>