<?xml version='1.0' encoding='UTF-8'?>
<strings>
    <en name='English' displayName='English' default='true'>
        <error>
            <error>Error</error>
            <generic>An error occurred</generic>
            <unknown>An unknown error occurred</unknown>
            <noConnect>This has not been launched from Adobe Connect</noConnect>
        </error>
        <wordcloud>
            <notConfigured>The WordCloud title has not been added, are you sure you want to continue?  &lt;br /&gt;&lt;br /&gt;Click &lt;b&gt;Continue&lt;/b&gt; to start anyway; click &lt;b&gt;Settings&lt;/b&gt; to configure the pod; or click &lt;b&gt;Cancel&lt;/b&gt; to close</notConfigured>
            <notConfiguredTitle>Not Configured</notConfiguredTitle>
            <singleWordLimit>Word Limit per Entry (0 for unlimited):</singleWordLimit>
            <limitWords>Limit Number of Entries (0 for unlimited):</limitWords>
            <delay>Delay Refresh:</delay>
            <delayTooltip>Delay refresh of {getPodName} between words</delayTooltip>
            <angles>Word Orientation:</angles>
            <anglesTooltip>Set orientation of words</anglesTooltip>
            <font>Font:</font>
            <tip>Tip: To delete a word, hold the &lt;ctrl&gt; key (⌘ on Mac) while clicking on it</tip>
            <inputNotConfiguredPlaceholder>{getPodName} has not been configured</inputNotConfiguredPlaceholder>
            <inputWordPlaceholder>Enter word here</inputWordPlaceholder>
            <inputPhrasePlaceholder>Enter word(s) here</inputPhrasePlaceholder>
            <inputLimitPlaceholder>Word limit reached</inputLimitPlaceholder>
            <inputStoppedPlaceholder>{getPodName} has been stopped</inputStoppedPlaceholder>
        </wordcloud>
        <delay>
            <_0>0 (no delay)</_0>
            <_1>1 second</_1>
            <_2>2 seconds</_2>
            <_3>3 seconds</_3>
            <_4>4 seconds</_4>
        </delay>
        <angles>
            <_0>0 (none / flat)</_0>
            <_1>90 degrees (up)</_1>
            <_2>90 degrees (down)</_2>
            <_3>360 degrees (full)</_3>
        </angles>
        <label>
            <!-- Change these values for every language - Begin -->
            <titleDefault></titleDefault>
            <!-- Change these values for every language - End -->            
            <about>About</about>
            <allowPresentersSettings>Allow Presenters to configure pod:</allowPresentersSettings>
            <checkForUpdateAvailableTooltip>Download update for {getPodName}</checkForUpdateAvailableTooltip>
            <checkForUpdateTooltip>Check update for {getPodName}</checkForUpdateTooltip>
            <colorBackground>Background Color:</colorBackground>
            <configure>Configure</configure>
            <createdFor>Created for &lt;i&gt;Adobe Connect&lt;/i&gt;</createdFor>
            <documentation>Documentation</documentation>
            <documentationTooltip>View Help / Documentation</documentationTooltip>
            <feedback>Feedback</feedback>
            <feedbackTooltip>Send Feedback to Envolvemedia</feedbackTooltip>
            <forceLanguage>Set for all:</forceLanguage>
            <forceLanguageTooltip>Set the language for all attendees</forceLanguageTooltip>
            <language>Language:</language>
            <name>Name</name>
            <notificationCompleted>Well done! &lt;br/&gt;{getPodName} has been completed</notificationCompleted>
            <notificationFailed>You did not properly complete {getPodName}.</notificationFailed>
            <notificationIncomplete>{getPodName} is not complete.</notificationIncomplete>
            <notificationNotStarted>{getPodName} has not been started.</notificationNotStarted>
            <notificationPaused>{getPodName} has been paused. &lt;br/&gt;Please wait!</notificationPaused>
            <notificationStarted>{getPodName} has started.</notificationStarted>
            <notificationStopped>{getPodName} has been stopped!</notificationStopped>
            <notificationUnavailable>{getPodName} is not available</notificationUnavailable>
            <pod>Pod</pod>
            <releaseDate>Release Date:</releaseDate>
            <results>Results</results>
            <status>Status</status>
            <title>{getPodName} Title:</title>
            <updateAvailable>Update Available</updateAvailable>
            <updateDate>Updated Release Date:</updateDate>
            <updateInstallInstructions>Install Instructions</updateInstallInstructions>
            <updateInstallInstructionsTooltip>View Install Instructions</updateInstallInstructionsTooltip>
            <updateVersion>Updated Version:</updateVersion>
            <version>Version:</version>
        </label>
        <status>
            <complete>Complete</complete>
            <completed>Completed</completed>
            <failed>Failed</failed>
            <incomplete>Incomplete</incomplete>
            <inProgress>In Progress</inProgress>
            <passed>Passed</passed>
            <notStarted>Not Started</notStarted>
        </status>
        <button>
            <cancel>Cancel</cancel>
            <cancelTooltip>Cancel</cancelTooltip>
            <checkForUpdate>Check for update</checkForUpdate>
            <checkForUpdateAvailable>Download Update</checkForUpdateAvailable>
            <checkForUpdateNone>No update available</checkForUpdateNone>
            <clear>Clear</clear>
            <clearTooltip>Clear</clearTooltip>
            <close>Close</close>
            <closeTooltip>Close</closeTooltip>
            <download>Download</download>
            <downloadTooltip>Download</downloadTooltip>
            <help>Help</help>
            <helpTooltip>Help/About</helpTooltip>
            <ok>OK</ok>
            <okTooltip>OK</okTooltip>
            <pause>Pause</pause>
            <pauseTooltip>Pause {getPodName}</pauseTooltip>
            <play>Start/Play</play>
            <playTooltip>Start/Play {getPodName}</playTooltip>
            <print>Print</print>
            <printTooltip>Print</printTooltip>
            <quit>Quit</quit>
            <quitTooltip>Close</quitTooltip>
            <refresh>Refresh</refresh>
            <refreshTooltip>Refresh Table</refreshTooltip>
            <reset>Reset</reset>
            <resetTooltip>Reset {getPodName}</resetTooltip>
            <restart>Restart</restart>
            <restartTooltip>Restart {getPodName}</restartTooltip>
            <results>Results</results>
            <resultsTooltip>Show Results</resultsTooltip>
            <saveAsImage>Save as Image</saveAsImage>
            <saveAsImageTooltip>Save as Image</saveAsImageTooltip>
            <saveAsPdf>Save as PDF</saveAsPdf>
            <saveAsPdfTooltip>Save as PDF</saveAsPdfTooltip>
            <scores>Scores</scores>
            <scoresTooltip>Show Scores</scoresTooltip>
            <settings>Settings</settings>
            <settingsTooltip>Settings</settingsTooltip>
            <start>Start</start>
            <startTooltip>Start {getPodName}</startTooltip>
            <stop>Stop</stop>
            <stopTooltip>Stop {getPodName}</stopTooltip>
        </button>
        <color>
            <cornsilk>Cornsilk|#FFF8DC</cornsilk>
            <darkBlue>Dark Blue|#191970</darkBlue>
            <default>Default|</default>
            <gray>Gray|#808080</gray>
            <seaGreen>Sea Green|#8FBC8F</seaGreen>
            <white>White|#FFFFFF</white>
            <custom>Custom|custom</custom>
        </color>
    </en>
    <dk name='Danish' displayName='Dansk'>
        <error>
            <error>Fejl</error>
            <generic>Der opstod en fejl</generic>
            <unknown>Der opstod en ukendt fejl</unknown>
            <noConnect>Dette er ikke blevet startet fra Adobe Connect</noConnect>
        </error>
        <wordcloud>
            <notConfigured>WordCloud-titlen er ikke blevet tilføjet, er du sikker på, at du vil fortsætte? &lt;br /&gt;&lt;br /&gt;Klik på &lt;b&gt;Fortsæt&lt;/b&gt; at begynde alligevel; klik på &lt;b&gt;Indstillinger&lt;/b&gt; at konfigurere poden; eller klik på &lt;b&gt;Annuller&lt;/b&gt; for at lukke</notConfigured>
            <notConfiguredTitle>Ikke konfigureret</notConfiguredTitle>
            <singleWordLimit>Ordgrænse pr. indtastning (0 for ubegrænset):</singleWordLimit>
            <limitWords>Begræns antal poster (0 for ubegrænset):</limitWords>
            <delay>Forsinket opdatering:</delay>
            <delayTooltip>Forsinket opdatering af {getPodName} mellem ord</delayTooltip>
            <angles>Ordorientering:</angles>
            <anglesTooltip>Indstil orientering af ord</anglesTooltip>
            <font>Skrifttype:</font>
            <tip>Tip: For at slette et ord skal du holde &lt;ctrl&gt; tasten (⌘ på Mac), mens du klikker på den</tip>
            <inputNotConfiguredPlaceholder>{getPodName} er ikke blevet konfigureret</inputNotConfiguredPlaceholder>
            <inputWordPlaceholder>Indtast ordet her</inputWordPlaceholder>
            <inputPhrasePlaceholder>Indtast ord her</inputPhrasePlaceholder>
            <inputLimitPlaceholder>Ordgrænsen er nået</inputLimitPlaceholder>
            <inputStoppedPlaceholder>{getPodName} er blevet stoppet</inputStoppedPlaceholder>
        </wordcloud>
        <delay>
            <_0>0 (ingen forsinkelse)</_0>
            <_1>1 sekund</_1>
            <_2>2 sekunder</_2>
            <_3>3 sekunder</_3>
            <_4>4 sekunder</_4>
        </delay>
        <angles>
            <_0>0 (ingen / flad)</_0>
            <_1>90 grader (op)</_1>
            <_2>90 grader (ned)</_2>
            <_3>360 grader (fuld)</_3>
        </angles>
        <label>
            <!-- Change these values for every language - Begin -->
            <titleDefault></titleDefault>
            <!-- Change these values for every language - End -->            
            <about>Om</about>
            <allowPresentersSettings>Tillad oplægsholdere at konfigurere pod:</allowPresentersSettings>
            <checkForUpdateAvailableTooltip>Download opdatering til {getPodName}</checkForUpdateAvailableTooltip>
            <checkForUpdateTooltip>Tjek opdatering for {getPodName}</checkForUpdateTooltip>
            <colorBackground>Baggrundsfarve:</colorBackground>
            <configure>Konfigurer</configure>
            <createdFor>Oprettet til &lt;i&gt;Adobe Connect&lt;/i&gt;</createdFor>
            <documentation>Dokumentation</documentation>
            <documentationTooltip>Se Hjælp / Dokumentation</documentationTooltip>
            <feedback>Feedback</feedback>
            <feedbackTooltip>Send feedback til Envolvemedia</feedbackTooltip>
            <forceLanguage>Sæt til alle:</forceLanguage>
            <forceLanguageTooltip>Indstil sproget for alle deltagere</forceLanguageTooltip>
            <language>Sprog:</language>
            <name>Navn</name>
            <notificationCompleted>Godt klaret! &lt;br/&gt;{getPodName} er fuldført</notificationCompleted>
            <notificationFailed>Du har ikke fuldført {getPodName} korrekt.</notificationFailed>
            <notificationIncomplete>{getPodName} er ikke komplet.</notificationIncomplete>
            <notificationNotStarted>{getPodName} er ikke blevet startet.</notificationNotStarted>
            <notificationPaused>{getPodName} er blevet sat på pause. &lt;br/&gt;Vent venligst!</notificationPaused>
            <notificationStarted>{getPodName} er startet.</notificationStarted>
            <notificationStopped>{getPodName} er blevet stoppet!</notificationStopped>
            <notificationUnavailable>{getPodName} er ikke tilgængelig</notificationUnavailable>
            <pod>Pod</pod>
            <releaseDate>Udgivelsesdato:</releaseDate>
            <results>Resultater</results>
            <status>Status</status>
            <title>{getPodName} Titel:</title>
            <updateAvailable>Opdatering tilgængelig</updateAvailable>
            <updateDate>Opdateret udgivelsesdato:</updateDate>
            <updateInstallInstructions>Installationsvejledning</updateInstallInstructions>
            <updateInstallInstructionsTooltip>Se installationsvejledningen</updateInstallInstructionsTooltip>
            <updateVersion>Opdateret version:</updateVersion>
            <version>Version:</version>
        </label>
        <status>
            <complete>Fuldfør</complete>
            <completed>Fuldført</completed>
            <failed>Mislykkedes</failed>
            <incomplete>Ufuldstændig</incomplete>
            <inProgress>I gang</inProgress>
            <passed>Bestået</passed>
            <notStarted>Ikke startet</notStarted>
        </status>
        <button>
            <cancel>Afbryd</cancel>
            <cancelTooltip>Afbryd</cancelTooltip>
            <checkForUpdate>Se for opdatering</checkForUpdate>
            <checkForUpdateAvailable>Last ned opdatering</checkForUpdateAvailable>
            <checkForUpdateNone>Ingen opdatering tilgængelig</checkForUpdateNone>
            <clear>Tøm</clear>
            <clearTooltip>Tøm</clearTooltip>
            <close>Lukk</close>
            <closeTooltip>Lukk</closeTooltip>
            <download>Last ned</download>
            <downloadTooltip>Last ned</downloadTooltip>
            <help>Hjælp</help>
            <helpTooltip>Hjælp/Om</helpTooltip>
            <ok>OK</ok>
            <okTooltip>OK</okTooltip>
            <pause>Pause</pause>
            <pauseTooltip>Sæt {getPodName} på pause</pauseTooltip>
            <play>Start/Spill</play>
            <playTooltip>Start/spill {getPodName}</playTooltip>
            <print>Skriv ut</print>
            <printTooltip>Skriv ut</printTooltip>
            <quit>Avslutt</quit>
            <quitTooltip>Lukk</quitTooltip>
            <refresh>Oppdater</refresh>
            <refreshTooltip>Oppdater tabell</refreshTooltip>
            <reset>Nulstil</reset>
            <resetTooltip>Nulstil {getPodName}</resetTooltip>
            <restart>Start på nytt</restart>
            <restartTooltip>Start {getPodName}</restartTooltip> på nytt
            <results>Resultater</results>
            <resultsTooltip>Vis resultater</resultsTooltip>
            <saveAsImage>Gem som billed</saveAsImage>
            <saveAsImageTooltip>Gem som billed</saveAsImageTooltip>
            <saveAsPdf>Gem som PDF</saveAsPdf>
            <saveAsPdfTooltip>Gem som PDF</saveAsPdfTooltip>
            <scores>Score</scores>
            <scoresTooltip>Vis resultater</scoresTooltip>
            <settings>Indstillinger</settings>
            <settingsTooltip>Indstillinger</settingsTooltip>
            <start>Start</start>
            <startTooltip>Start {getPodName}</startTooltip>
            <stop>Stop</stop>
            <stopTooltip>Stop {getPodName}</stopTooltip>
        </button>
        <color>
            <cornsilk>Maissilk|#FFF8DC</cornsilk>
            <darkBlue>Mørkeblå|#191970</darkBlue>
            <default>Standard|</default>
            <gray>Grå|#808080</gray>
            <seaGreen>Sjøgrønn|#8FBC8F</seaGreen>
            <white>Hvit|#FFFFFF</white>
            <custom>Egendefinert|custom</custom>
        </color>
    </dk>
    <de name='German' displayName='Deutsch'>
        <error>
            <error>Fehler</error>
            <generic>Ein Fehler ist aufgetreten</generic>
            <unknown>Ein unbekannter Fehler ist aufgetreten</unknown>
            <noConnect>Dies wurde nicht von Adobe Connect gestartet</noConnect>
        </error>
        <wordcloud>
            <notConfigured>Der WordCloud-Titel wurde nicht hinzugefügt, möchten Sie wirklich fortfahren? &lt;br /&gt;&lt;br /&gt;Klicken Sie auf &lt;b&gt;Weiter&lt;/b&gt; trotzdem anfangen; Klicken Sie auf &lt;b&gt;Einstellungen&lt;/b&gt; um den Pod zu konfigurieren; oder klicken Sie auf &lt;b&gt;Abbrechen&lt;/b&gt; zum Schließen</notConfigured>
            <notConfiguredTitle>Nicht konfiguriert</notConfiguredTitle>
            <singleWordLimit>Wortlimit pro Eintrag (0 für unbegrenzt):</singleWordLimit>
            <limitWords>Anzahl der Einträge begrenzen (0 für unbegrenzt):</limitWords>
            <delay>Aktualisierung verzögern:</delay>
            <delayTooltip>Aktualisierung von {getPodName} zwischen Wörtern verzögern</delayTooltip>
            <angles>Wortorientierung:</angles>
            <anglesTooltip>Legen Sie die Ausrichtung der Wörter fest</anglesTooltip>
            <font>Schriftart:</font>
            <tip>Tipp: Um ein Wort zu löschen, halten Sie die &lt;Strg&gt; Taste (⌘ auf Mac), während Sie darauf klicken</tip>
            <inputNotConfiguredPlaceholder>{getPodName} wurde nicht konfiguriert</inputNotConfiguredPlaceholder>
            <inputWordPlaceholder>Geben Sie hier das Wort ein</inputWordPlaceholder>
            <inputPhrasePlaceholder>Geben Sie hier Wörter ein</inputPhrasePlaceholder>
            <inputLimitPlaceholder>Wortlimit erreicht</inputLimitPlaceholder>
            <inputStoppedPlaceholder>{getPodName} wurde gestoppt</inputStoppedPlaceholder>
        </wordcloud>
        <delay>
            <_0>0 (keine Verzögerung)</_0>
            <_1>1 Sekunde</_1>
            <_2>2 Sekunden</_2>
            <_3>3 Sekunden</_3>
            <_4>4 Sekunden</_4>
        </delay>
        <angles>
            <_0>0 (keine / flach)</_0>
            <_1>90 Grad (oben)</_1>
            <_2>90 Grad (nach unten)</_2>
            <_3>360 Grad (voll)</_3>
        </angles>
        <label>
            <!-- Change these values for every language - Begin -->
            <titleDefault></titleDefault>
            <!-- Change these values for every language - End --> 
            <about>Über</about>
            <allowPresentersSettings>Moderatoren erlauben, Pod zu konfigurieren:</allowPresentersSettings>
            <checkForUpdateAvailableTooltip>Update herunterladen für {getPodName}</checkForUpdateAvailableTooltip>
            <checkForUpdateTooltip>Überprüfen Sie das Update auf {getPodName}</checkForUpdateTooltip>
            <colorBackground>Hintergrundfarbe:</colorBackground>
            <configure>Konfigurieren</configure>
            <createdFor>Erstellt für &lt;i&gt;Adobe Connect&lt;/i&gt;</createdFor>
            <documentation>Dokumentation</documentation>
            <documentationTooltip>Hilfe / Dokumentation Anzeigen</documentationTooltip>
            <feedback>Feedback</feedback>
            <feedbackTooltip>Senden Sie Feedback an Envolvemedia</feedbackTooltip>
            <forceLanguage>Für alle eingestellt:</forceLanguage>
            <forceLanguageTooltip>Legen Sie die Sprache für alle Teilnehmer fest</forceLanguageTooltip>
            <language>Sprache:</language>
            <name>Name</name>
            <notificationCompleted>Gut erledigt! &lt;br/&gt;{getPodName} wurde vervollständigt</notificationCompleted>
            <notificationFailed>Sie haben nicht richtig abgeschlossen {getPodName}.</notificationFailed>
            <notificationIncomplete>{getPodName} ist nicht vollständig.</notificationIncomplete>
            <notificationNotStarted>{getPodName} wurde nicht gestartet.</notificationNotStarted>
            <notificationPaused>{getPodName} wurde pausiert. &lt;br/&gt;Bitte warten!</notificationPaused>
            <notificationStarted>{getPodName} wurde gestartet.</notificationStarted>
            <notificationStopped>{getPodName} wurde gestoppt!</notificationStopped>
            <pod>Pod</pod>
            <releaseDate>Veröffentlichungsdatum:</releaseDate>
            <results>Ergebnisse</results>
            <status>Status</status>
            <title>{getPodName}-Titel:</title>
            <updateAvailable>Update verfügbar</updateAvailable>
            <updateDate>Veröffentlichungsdatum aktualisiert:</updateDate>
            <updateInstallInstructions>Installationsanweisungen</updateInstallInstructions>
            <updateInstallInstructionsTooltip>Installationsanweisungen anzeigen</updateInstallInstructionsTooltip>
            <updateVersion>Aktualisierte Version:</updateVersion>
            <version>Version:</version>
        </label>
        <status>
            <complete>Vollständig</complete>
            <completed>Abgeschlossen</completed>
            <failed>Gescheitert</failed>
            <incomplete>Unvollständig</incomplete>
            <inProgress>In Bearbeitung</inProgress>
            <passed>Bestanden</passed>
            <notStarted>Nicht Gestartet</notStarted>
        </status>
        <button>
            <cancel>Abbrechen</cancel>
            <cancelTooltip>Abbrechen</cancelTooltip>
            <checkForUpdate>Überprüfe auf Updates</checkForUpdate>
            <checkForUpdateAvailable>Aktualisierung herunterladen</checkForUpdateAvailable>
            <checkForUpdateNone>Keine Aktualisierung verfügbar</checkForUpdateNone>
            <clear>Abräumen</clear>
            <clearTooltip>Abräumen</clearTooltip>
            <help>Hilfe</help>
            <helpTooltip>Über/Hilfe</helpTooltip>
            <ok>OK</ok>
            <okTooltip>OK</okTooltip>
            <pause>Pause</pause>
            <pauseTooltip>Pause {getPodName}</pauseTooltip>
            <play>Starten/Spielen</play>
            <playTooltip>Starten/Spielen {getPodName}</playTooltip>
            <print>Drucken</print>
            <printTooltip>Drucken</printTooltip>
            <quit>Beenden</quit>
            <quitTooltip>Beenden</quitTooltip>
            <refresh>Aktualisieren</refresh>
            <refreshTooltip>Tabelle Aktualisieren</refreshTooltip>
            <reset>Zurücksetzen</reset>
            <resetTooltip>{getPodName} Zurücksetzen</resetTooltip>
            <restart>Neustart</restart>
            <restartTooltip>Starte {getPodName}</restartTooltip>
            <results>Ergebnisse</results>
            <resultsTooltip>Zeige Ergebnisse</resultsTooltip>
            <saveAsPdf>Als PDF speichern</saveAsPdf>
            <saveAsPdfTooltip>Als PDF speichern</saveAsPdfTooltip>
            <scores>Ergebnisse</scores>
            <scoresTooltip>Ergebnisse anzeigen</scoresTooltip>
            <settings>Einstellungen</settings>
            <settingsTooltip>Einstellungen öffnen</settingsTooltip>
            <start>Anfangen</start>
            <startTooltip>{getPodName} Starten</startTooltip>
            <stop>Stoppen</stop>
            <stopTooltip>Stoppen Sie {getPodName}</stopTooltip>
        </button>
        <color>
            <cornsilk>Cornsilk|#FFF8DC</cornsilk>
            <darkBlue>Dunkelblau|#191970</darkBlue>
            <default>Standard|</default>
            <gray>Grau|#808080</gray>
            <seaGreen>Meergrün|#8FBC8F</seaGreen>
            <white>Weiß|#FFFFFF</white>
            <custom>Benutzerdefiniert|custom</custom>
        </color>
    </de>
    <fr name='French' displayName='Français'>
        <error>
            <error>Erreur</error>
            <generic>Une erreur s'est produite</generic>
            <unknown>Une erreur inconnue s'est produite</unknown>
            <noConnect>Ceci n'a pas été lancé depuis Adobe Connect</noConnect>
        </error>
        <wordcloud>
            <notConfigured>Le titre WordCloud n'a pas été ajouté, êtes-vous sûr de vouloir continuer? &lt;br /&gt;&lt;br /&gt;Cliquez sur &lt;b&gt;Continuer&lt;/b&gt; commencer quand même; cliquez sur &lt;b&gt;Paramètres&lt;/b&gt; pour configurer le pod; ou cliquez sur &lt;b&gt;Annuler&lt;/b&gt; fermer</notConfigured>
            <notConfiguredTitle>Non configuré</notConfiguredTitle>
            <singleWordLimit>Limite de mots par entrée (0 pour illimité):</singleWordLimit>
            <limitWords>Limiter le nombre d'entrées (0 pour illimité):</limitWords>
            <delay>Retarder l'actualisation:</delay>
            <delayTooltip>Retarder l'actualisation de {getPodName} entre les mots</delayTooltip>
            <angles>Orientation des mots:</angles>
            <anglesTooltip>Définir l'orientation des mots</anglesTooltip>
            <font>Police:</font>
            <tip>Astuce: Pour supprimer un mot, maintenez la touche &lt;ctrl&gt; touche (⌘ sur Mac) en cliquant dessus</tip>
            <inputNotConfiguredPlaceholder>{getPodName} n'a pas été configuré</inputNotConfiguredPlaceholder>
            <inputWordPlaceholder>Entrez le mot ici</inputWordPlaceholder>
            <inputPhrasePlaceholder>Entrez le(s) mot(s) ici</inputPhrasePlaceholder>
            <inputLimitPlaceholder>Limite de mots atteinte</inputLimitPlaceholder>
            <inputStoppedPlaceholder>{getPodName} a été arrêté</inputStoppedPlaceholder>
        </wordcloud>
        <delay>
            <_0>0 (pas de délai)</_0>
            <_1>1 seconde</_1>
            <_2>2 secondes</_2>
            <_3>3 secondes</_3>
            <_4>4 secondes</_4>
        </delay>
        <angles>
            <_0>0 (aucun / plat)</_0>
            <_1>90 degrés (vers le haut)</_1>
            <_2>90 degrés (vers le bas)</_2>
            <_3>360 degrés (complet)</_3>
        </angles>
        <label>
            <!-- Change these values for every language - Begin -->
            <titleDefault></titleDefault>
            <!-- Change these values for every language - End -->
            <about>À propos du</about>
            <allowPresentersSettings>Autoriser les présentateurs à configurer le Pod:</allowPresentersSettings>
            <checkForUpdateAvailableTooltip>Télécharger la mise à jour pour {getPodName}</checkForUpdateAvailableTooltip>
            <checkForUpdateTooltip>Vérifier la mise à jour pour {getPodName}</checkForUpdateTooltip>
            <colorBackground>Couleur d'arrière-plan:</colorBackground>
            <configure>Configurer</configure>
            <createdFor>Créé pour &lt;i&gt;Adobe Connect&lt;/i&gt;</createdFor>
            <documentation>Documentation</documentation>
            <documentationTooltip>Afficher l'aide/la documentation</documentationTooltip>
            <feedback>Retour d'information</feedback>
            <feedbackTooltip>Envoyer des commentaires à Envolvemedia</feedbackTooltip>
            <forceLanguage>Ensemble pour tous:</forceLanguage>
            <forceLanguageTooltip>Définir la langue pour tous les participants</forceLanguageTooltip>
            <language>Langue:</language>
            <name>Nom</name>
            <notificationCompleted>Bien fait! &lt;br/&gt;{getPodName} a été complété</notificationCompleted>
            <notificationFailed>Vous n'avez pas bien rempli {getPodName}.</notificationFailed>
            <notificationIncomplete>{getPodName} n'est pas complet.</notificationIncomplete>
            <notificationNotStarted>{getPodName} n'a pas été démarré.</notificationNotStarted>
            <notificationPaused>{getPodName} a été mis en pause. &lt;br/&gt;S'il vous plaît, attendez!</notificationPaused>
            <notificationStarted>{getPodName} a démarré.</notificationStarted>
            <notificationStopped>{getPodName} a été arrêté!</notificationStopped>
            <pod>Conteneur</pod>
            <releaseDate>Date de sortie:</releaseDate>
            <results>Résultats</results>
            <status>Statut</status>
            <title>Titre {getPodName}:</title>
            <updateAvailable>Mise à jour disponible</updateAvailable>
            <updateDate>Date de sortie mise à jour:</updateDate>
            <updateInstallInstructions>Instructions d'installation</updateInstallInstructions>
            <updateInstallInstructionsTooltip>Afficher les instructions d'installation</updateInstallInstructionsTooltip>
            <updateVersion>Version mise à jour:</updateVersion>
            <version>Version:</version>
        </label>
        <status>
            <complete>Complet</complete>
            <completed>Terminé</completed>
            <failed>Manqué</failed>
            <incomplete>Incomplet</incomplete>
            <inProgress>En Cours</inProgress>
            <passed>Passé</passed>
            <notStarted>Non Démarré</notStarted>
        </status>
        <button>
            <cancel>Annuler</cancel>
            <cancelTooltip>Annuler</cancelTooltip>
            <checkForUpdate>Vérifier la mise à jour</checkForUpdate>
            <checkForUpdateAvailable>Télécharger la mise à jour</checkForUpdateAvailable>
            <checkForUpdateNone>Pas de mise a jour disponible</checkForUpdateNone>
            <clear>Effacer</clear>
            <clearTooltip>Réinitialisation</clearTooltip>
            <help>À Propos / Aide</help>
            <helpTooltip>À Propos / Aide</helpTooltip>
            <ok>OK</ok>
            <okTooltip>OK</okTooltip>
            <pause>Pause</pause>
            <pauseTooltip>Suspendre {getPodName}</pauseTooltip>
            <play>Démarrer/Jouer</play>
            <playTooltip>Démarrer/Jouer {getPodName}</playTooltip>
            <print>Imprimer</print>
            <printTooltip>Imprimer</printTooltip>
            <quit>Quitter</quit>
            <quitTooltip>Fermer</quitTooltip>
            <refresh>Réactualiser</refresh>
            <refreshTooltip>Tableau de mise à jour</refreshTooltip>
            <reset>Réinitialiser</reset>
            <resetTooltip>Réinitialiser {getPodName}</resetTooltip>
            <restart>Redémarrer</restart>
            <restartTooltip>Redémarrer {getPodName}</restartTooltip>
            <results>Résultats</results>
            <resultsTooltip>Montrer les Résultats</resultsTooltip>
            <saveAsPdf>Enregistrer au format PDF</saveAsPdf>
            <saveAsPdfTooltip>Enregistrer au format PDF</saveAsPdfTooltip>
            <scores>Les scores</scores>
            <scoresTooltip>Afficher les scores des participants</scoresTooltip>
            <settings>Paramètres</settings>
            <settingsTooltip>Ouvrir les Paramètres</settingsTooltip>
            <start>Début</start>
            <startTooltip>Démarrer {getPodName}</startTooltip>
            <stop>Arrêter</stop>
            <stopTooltip>Arrêter {getPodName}</stopTooltip>
        </button>
        <color>
            <cornsilk>Cornsilk|#FFF8DC</cornsilk>
            <darkBlue>Bleu Foncé|#191970</darkBlue>
            <default>Par Défaut|</default>
            <gray>Gris|#808080</gray>
            <seaGreen>Vert Marin|#8FBC8F</seaGreen>
            <white>Blanc|#FFFFFF</white>
            <custom>Personnalisé|custom</custom>
        </color>
    </fr>
    <es name='Spanish' displayName='Español'>
        <error>
            <error>Error</error>
            <generic>Ocurrió un error</generic>
            <unknown>Ocurrió un error desconocido</unknown>
            <noConnect>Esto no se ha iniciado desde Adobe Connect</noConnect>
        </error>
        <wordcloud>
            <notConfigured>El título de WordCloud no se ha agregado, ¿está seguro de que desea continuar? &lt;br /&gt;&lt;br /&gt;Haga clic en &lt;b&gt;Continuar&lt;/b&gt; para empezar de todos modos; haga clic en &lt;b&gt;Configuración&lt;/b&gt; para configurar el pod; o haga clic en &lt;b&gt;Cancelar&lt;/b&gt; para cerrar</notConfigured>
            <notConfiguredTitle>No configurado</notConfiguredTitle>
            <singleWordLimit>Límite de palabras por entrada (0 para ilimitado):</singleWordLimit>
            <limitWords>Número límite de entradas (0 para ilimitado):</limitWords>
            <delay>Retraso de actualización:</delay>
            <delayTooltip>Retrasar la actualización de {getPodName} entre palabras</delayTooltip>
            <angles>Orientación de palabras:</angles>
            <anglesTooltip>Establecer la orientación de las palabras</anglesTooltip>
            <font>Fuente:</font>
            <tip>Sugerencia: para eliminar una palabra, mantenga presionada la tecla &lt;ctrl&gt; tecla (⌘ en Mac) mientras hace clic en ella</tip>
            <inputNotConfiguredPlaceholder>{getPodName} no ha sido configurado</inputNotConfiguredPlaceholder>
            <inputWordPlaceholder>Ingrese la palabra aquí</inputWordPlaceholder>
            <inputPhrasePlaceholder>Ingrese palabra(s) aquí</inputPhrasePlaceholder>
            <inputLimitPlaceholder>Límite de palabras alcanzado</inputLimitPlaceholder>
            <inputStoppedPlaceholder>{getPodName} se ha detenido</inputStoppedPlaceholder>
        </wordcloud>
        <delay>
            <_0>0 (sin demora)</_0>
            <_1>1 segundo</_1>
            <_2>2 segundos</_2>
            <_3>3 segundos</_3>
            <_4>4 segundos</_4>
        </delay>
        <angles>
            <_0>0 (ninguno / plano)</_0>
            <_1>90 grados (arriba)</_1>
            <_2>90 grados (hacia abajo)</_2>
            <_3>360 grados (completo)</_3>
        </angles>
        <label>
            <!-- Change these values for every language - Begin -->
            <titleDefault></titleDefault>
            <!-- Change these values for every language - End -->
            <about>Sobre</about>
            <allowPresentersSettings>Permitir que los presentadores configuren Pod:</allowPresentersSettings>
            <checkForUpdateAvailableTooltip>Descargar actualización para {getPodName}</checkForUpdateAvailableTooltip>
            <checkForUpdateTooltip>Verifique la actualización para {getPodName}</checkForUpdateTooltip>
            <colorBackground>Color de Fondo:</colorBackground>
            <configure>Configurar</configure>
            <createdFor>Creado para &lt;i&gt;Adobe Connect&lt;/i&gt;</createdFor>
            <documentation>Documentación</documentation>
            <documentationTooltip>Ver Ayuda / Documentación</documentationTooltip>
            <feedback>Comentarios</feedback>
            <feedbackTooltip>Enviar comentarios a Envolvemedia</feedbackTooltip>
            <forceLanguage>Listo para todos:</forceLanguage>
            <forceLanguageTooltip>Establecer idioma para todos los asistentes</forceLanguageTooltip>
            <language>Idioma:</language>
            <name>Nombre</name>
            <notificationCompleted>¡Bien hecho! &lt;br/&gt;{getPodName} se ha completado</notificationCompleted>
            <notificationFailed>No completaste correctamente {getPodName}.</notificationFailed>
            <notificationIncomplete>{getPodName} no esta completo.</notificationIncomplete>
            <notificationNotStarted>{getPodName} no se ha iniciado.</notificationNotStarted>
            <notificationPaused>{getPodName} ha sido pausado. &lt;br/&gt;¡Espere por favor!</notificationPaused>
            <notificationStarted>{getPodName} ha comenzado.</notificationStarted>
            <notificationStopped>{getPodName} ha sido detenido!</notificationStopped>
            <pod>Pod</pod>
            <releaseDate>Fecha de Lanzamiento:</releaseDate>
            <results>Resultados</results>
            <status>Estado</status>
            <title>Título de {getPodName}:</title>
            <updateAvailable>Actualización disponible</updateAvailable>
            <updateDate>Fecha de lanzamiento actualizada:</updateDate>
            <updateInstallInstructions>Instrucciones de instalación</updateInstallInstructions>
            <updateInstallInstructionsTooltip>Ver instrucciones de instalación</updateInstallInstructionsTooltip>
            <updateVersion>Versión actualizada:</updateVersion>
            <version>Versión:</version>
        </label>
        <status>
            <complete>Completo</complete>
            <completed>Terminado</completed>
            <failed>Fallido</failed>
            <incomplete>Incompleto</incomplete>
            <inProgress>En progreso</inProgress>
            <passed>Pasó</passed>
            <notStarted>No iniciado</notStarted>
        </status>
        <button>
            <cancel>Cancelar</cancel>
            <cancelTooltip>Cancelar</cancelTooltip>
            <checkForUpdate>Buscar actualizaciones</checkForUpdate>
            <checkForUpdateAvailable>Descarga de la actualización</checkForUpdateAvailable>
            <checkForUpdateNone>Actualización no disponible</checkForUpdateNone>
            <clear>Limpiar</clear>
            <clearTooltip>Limpiar</clearTooltip>
            <help>Ayuda / Acerca de</help>
            <helpTooltip>Ayuda / Acerca de</helpTooltip>
            <ok>OK</ok>
            <okTooltip>Aceptar</okTooltip>
            <pause>Pausa</pause>
            <pauseTooltip>Pausar {getPodName}</pauseTooltip>
            <play>Iniciar/Reproducir</play>
            <playTooltip>Iniciar/Reproducir {getPodName}</playTooltip>
            <print>Imprimir</print>
            <printTooltip>Imprimir</printTooltip>
            <quit>Salir</quit>
            <quitTooltip>Cerrar</quitTooltip>
            <refresh>Actualizar</refresh>
            <refreshTooltip>Actualizar Tabla</refreshTooltip>
            <reset>Reiniciar</reset>
            <resetTooltip>Restablecer {getPodName}</resetTooltip>
            <restart>Reiniciar</restart>
            <restartTooltip>Reiniciar {getPodName}</restartTooltip>
            <results>Resultados</results>
            <resultsTooltip>Ver resultados</resultsTooltip>
            <saveAsPdf>Guardar como PDF</saveAsPdf>
            <saveAsPdfTooltip>Guardar como PDF</saveAsPdfTooltip>
            <scores>Puntuación</scores>
            <scoresTooltip>Mostrar puntajes de los asistentes</scoresTooltip>
            <settings>Configuracións</settings>
            <settingsTooltip>Configuración Abierta</settingsTooltip>
            <start>Comienzo</start>
            <startTooltip>Iniciar {getPodName}</startTooltip>
            <stop>Detener</stop>
            <stopTooltip>Detener {getPodName}</stopTooltip>
        </button>
        <color>
            <cornsilk>Cornsilk|#FFF8DC</cornsilk>
            <darkBlue>Azul Oscuro|#191970</darkBlue>
            <default>Predeterminado|</default>
            <gray>Gris|#808080</gray>
            <seaGreen>Verde Mar|#8FBC8F</seaGreen>
            <white>Blanco|#FFFFFF</white>
            <custom>Personalizado|custom</custom>
        </color>
    </es>
    <ja name='Japanese' displayName='日本語'>
        <error>
            <error>エラー</error>
            <generic>エラーが発生しました</generic>
            <unknown>不明なエラーが発生しました</unknown>
            <noConnect>これはAdobeConnectから起動されていません</noConnect>
        </error>
        <wordcloud>
            <notConfigured>WordCloud のタイトルが追加されていません。続行しますか? &lt;br /&gt;&lt;br /&gt;&lt;b&gt;続行&lt;/b&gt;をクリックします。 とにかく始める; &lt;b&gt;設定&lt;/b&gt;をクリックします。 ポッドを構成します。 または &lt;b&gt;キャンセル&lt;/b&gt; をクリックします。 閉じる</notConfigured>
            <notConfiguredTitle>未構成</notConfiguredTitle>
            <singleWordLimit>エントリーごとの文字数制限 (無制限の場合は 0):</singleWordLimit>
            <limitWords>エントリ数の制限 (無制限の場合は 0):</limitWords>
            <delay>更新を遅らせる:</delay>
            <delayTooltip>単語間の {getPodName} の更新を遅らせる</delayTooltip>
            <angles>単語の向き:</angles>
            <anglesTooltip>単語の向きを設定する</anglesTooltip>
            <font>フォント:</font>
            <tip>ヒント: 単語を削除するには、&lt;ctrl&gt; キーを押したままにします。 キー (Mac では ⌘) をクリックしながら</tip>
            <inputNotConfiguredPlaceholder>{getPodName} は設定されていません</inputNotConfiguredPlaceholder>
            <inputWordPlaceholder>ここに単語を入力</inputWordPlaceholder>
            <inputPhrasePlaceholder>ここに単語を入力してください</inputPhrasePlaceholder>
            <inputLimitPlaceholder>文字数制限に達しました</inputLimitPlaceholder>
            <inputStoppedPlaceholder>{getPodName} は停止されました</inputStoppedPlaceholder>
        </wordcloud>
        <delay>
            <_0>0 (遅延なし)</_0>
            <_1>1秒</_1>
            <_2>2秒</_2>
            <_3>3秒</_3>
            <_4>4秒</_4>
        </delay>
        <angles>
            <_0>0 (なし / フラット)</_0>
            <_1>90度（上）</_1>
            <_2>90度（下）</_2>
            <_3>360 度 (フル)</_3>
        </angles>
        <label>
            <!-- Change these values for every language - Begin -->
            <titleDefault></titleDefault>
            <!-- Change these values for every language - End -->
            <about>について</about>
            <allowPresentersSettings>プレゼンターがポッドを構成できるようにする:</allowPresentersSettings>
            <checkForUpdateAvailableTooltip>のアップデートをダウンロード {getPodName}</checkForUpdateAvailableTooltip>
            <checkForUpdateTooltip>アップデートを確認 {getPodName}</checkForUpdateTooltip>
            <colorBackground>背景色:</colorBackground>
            <configure>設定</configure>
            <createdFor>のために作成されました &lt;i&gt;Adobe Connect&lt;/i&gt;</createdFor>
            <documentation>ドキュメンテーション</documentation>
            <documentationTooltip>ヘルプ/ドキュメントの表示</documentationTooltip>
            <feedback>フィードバック</feedback>
            <feedbackTooltip>Envolvemediaにフィードバックを送信する</feedbackTooltip>
            <forceLanguage>全員に設定:</forceLanguage>
            <forceLanguageTooltip>すべての出席者の言語を設定する</forceLanguageTooltip>
            <language>言語:</language>
            <name>名前</name>
            <notificationCompleted>素晴らしい！ &lt;br/&gt;{getPodName} 完了しました</notificationCompleted>
            <notificationFailed>を正しく完了できませんでした {getPodName}。</notificationFailed>
            <notificationIncomplete>{getPodName} は完了していません。</notificationIncomplete>
            <notificationNotStarted>{getPodName} は開始されていません。</notificationNotStarted>
            <notificationPaused>{getPodName} 一時停止されました。&lt;br/&gt;お待ちください！</notificationPaused>
            <notificationStarted>{getPodName} が開始されました。</notificationStarted>
            <notificationStopped>{getPodName} が停止されました!</notificationStopped>
            <pod>ポッド</pod>
            <releaseDate>リリース日:</releaseDate>
            <results>結果</results>
            <status>状態</status>
            <title>{getPodName} のタイトル:</title>
            <updateAvailable>利用可能なアップデート</updateAvailable>
            <updateDate>更新されたリリース日:</updateDate>
            <updateInstallInstructions>インストール手順</updateInstallInstructions>
            <updateInstallInstructionsTooltip>インストール手順を表示</updateInstallInstructionsTooltip>
            <updateVersion>更新版:</updateVersion>
            <version>バージョン:</version>
        </label>
        <status>
            <complete>仕上げる</complete>
            <completed>完了</completed>
            <failed>失敗した</failed>
            <incomplete>不完全な</incomplete>
            <inProgress>進行中</inProgress>
            <passed>合格した</passed>
            <notStarted>始まっていない</notStarted>
        </status>
        <button>
            <cancel>キャンセル</cancel>
            <cancelTooltip>閉じる</cancelTooltip>
            <checkForUpdate>更新を確認</checkForUpdate>
            <checkForUpdateAvailable>アップデートをダウンロード</checkForUpdateAvailable>
            <checkForUpdateNone>アップデートはありません</checkForUpdateNone>
            <clear>クリア</clear>
            <clearTooltip>クリア</clearTooltip>
            <help>について/ヘルプ</help>
            <helpTooltip>について/ヘルプ</helpTooltip>
            <ok>OK</ok>
            <okTooltip>OK</okTooltip>
            <pause>暂停</pause>
            <pauseTooltip>暂停 {getPodName}</pauseTooltip>
            <play>開始/再生</play>
            <playTooltip>開始/再生 {getPodName}</playTooltip>
            <print>印刷</print>
            <printTooltip>印刷</printTooltip>
            <quit>終了</quit>
            <quitTooltip>証明書を閉じる</quitTooltip>
            <refresh>リフレッシュ</refresh>
            <refreshTooltip>リフレッシュ</refreshTooltip>
            <reset>リセット</reset>
            <resetTooltip>リセット {getPodName}</resetTooltip>
            <restart>再起動</restart>
            <restartTooltip>再起動 {getPodName}</restartTooltip>
            <results>結果</results>
            <resultsTooltip>結果を見る</resultsTooltip>
            <saveAsPdf>PDFとして保存</saveAsPdf>
            <saveAsPdfTooltip>証明書をPDFとして保存</saveAsPdfTooltip>
            <scores>スコア</scores>
            <scoresTooltip>出席者のスコアを表示</scoresTooltip>
            <settings>設定</settings>
            <settingsTooltip>設定を開く</settingsTooltip>
            <start>始める</start>
            <startTooltip>{getPodName} を開始</startTooltip>
            <stop>停止</stop>
            <stopTooltip>{getPodName} 停止</stopTooltip>
        </button>
        <color>
            <cornsilk>トウモロコシの毛|#FFF8DC</cornsilk>
            <darkBlue>ダークブルー|#191970</darkBlue>
            <default>デフォルト|</default>
            <gray>グレー|#808080</gray>
            <seaGreen>シーグリーン|#8FBC8F</seaGreen>
            <white>白|#FFFFFF</white>
            <custom>カスタム|custom</custom>
        </color>
    </ja>
    <ko name='Korean' displayName='한국어'>
        <error>
            <error>오류</error>
            <generic>오류가 발생했습니다</generic>
            <unknown>알 수 없는 오류가 발생했습니다</unknown>
            <noConnect>このコンテンツはAdobe Connectから起動されていません</noConnect>
        </error>
        <wordcloud>
            <notConfigured>WordCloud 제목이 추가되지 않았습니다. 계속하시겠습니까? &lt;br /&gt;&lt;br /&gt;&lt;b&gt;계속&lt;/b&gt;을 클릭합니다. 어쨌든 시작하려면; &lt;b&gt;설정&lt;/b&gt;을 클릭합니다. 포드를 구성하려면 또는 &lt;b&gt;취소&lt;/b&gt;를 클릭하십시오. 닫기</notConfigured>
            <notConfiguredTitle>구성되지 않음</notConfiguredTitle>
            <singleWordLimit>항목당 단어 제한(무제한의 경우 0):</singleWordLimit>
            <limitWords>항목 수 제한(0은 무제한):</limitWords>
            <delay>새로 고침 지연:</delay>
            <delayTooltip>단어 사이에 {getPodName} 새로 고침 지연</delayTooltip>
            <angles>단어 방향:</angles>
            <anglesTooltip>단어 방향 설정</anglesTooltip>
            <font>글꼴:</font>
            <tip>팁: 단어를 삭제하려면 &lt;ctrl&gt; 키(Mac의 경우 ⌘)를 누른 상태에서</tip>
            <inputNotConfiguredPlaceholder>{getPodName}이(가) 구성되지 않았습니다.</inputNotConfiguredPlaceholder>
            <inputWordPlaceholder>여기에 단어 입력</inputWordPlaceholder>
            <inputPhrasePlaceholder>여기에 단어 입력</inputPhrasePlaceholder>
            <inputLimitPlaceholder>단어 제한 도달</inputLimitPlaceholder>
            <inputStoppedPlaceholder>{getPodName}이(가) 중지되었습니다.</inputStoppedPlaceholder>
        </wordcloud>
        <delay>
            <_0>0(지연 없음)</_0>
            <_1>1초</_1>
            <_2>2초</_2>
            <_3>3초</_3>
            <_4>4초</_4>
        </delay>
        <angles>
            <_0>0(없음/평탄)</_0>
            <_1>90도(위)</_1>
            <_2>90도(아래)</_2>
            <_3>360도(전체)</_3>
        </angles>
        <label>
            <!-- Change these values for every language - Begin -->
            <titleDefault></titleDefault>
            <!-- Change these values for every language - End -->
            <about>대해서</about>
            <allowPresentersSettings>발표자가 포드를 구성하도록 허용:</allowPresentersSettings>
            <checkForUpdateAvailableTooltip>에 대한 업데이트 다운로드 {getPodName}</checkForUpdateAvailableTooltip>
            <checkForUpdateTooltip>업데이트 확인 {getPodName}</checkForUpdateTooltip>
            <colorBackground>배경색:</colorBackground>
            <configure>설정</configure>
            <createdFor>에 대해 생성됨 &lt;i&gt;Adobe Connect&lt;/i&gt;</createdFor>
            <documentation>선적 서류 비치</documentation>
            <documentationTooltip>Envolvemedia에 피드백 보내기</documentationTooltip>
            <feedback>피드백</feedback>
            <feedbackTooltip>Envolvemedia에 피드백 보내기</feedbackTooltip>
            <forceLanguage>모두를 위한 설정:</forceLanguage>
            <forceLanguageTooltip>모든 참석자의 언어 설정</forceLanguageTooltip>
            <language>언어:</language>
            <name>이름</name>
            <notificationCompleted>잘했어요! &lt;br/&gt;{getPodName} 완료되었다</notificationCompleted>
            <notificationFailed>{getPodName} 을(를) 제대로 완료하지 않았습니다.</notificationFailed>
            <notificationIncomplete>{getPodName} 이(가) 완료되지 않았습니다.</notificationIncomplete>
            <notificationNotStarted>{getPodName} 이(가) 시작되지 않았습니다.</notificationNotStarted>
            <notificationPaused>{getPodName} 일시중지되었습니다. &lt;br/&gt;기다리세요!</notificationPaused>
            <notificationStarted>{getPodName} 이(가) 시작되었습니다.</notificationStarted>
            <notificationStopped>{getPodName} 이(가) 중지되었습니다!</notificationStopped>
            <pod>창</pod>
            <releaseDate>릴리스 날짜:</releaseDate>
            <results>결과</results>
            <status>상태</status>
            <title>워드클라우드 제목:</title>
            <updateAvailable>업데이트 가능</updateAvailable>
            <updateDate>업데이트된 출시일:</updateDate>
            <updateInstallInstructions>설치 지침</updateInstallInstructions>
            <updateInstallInstructionsTooltip>설치 지침 보기</updateInstallInstructionsTooltip>
            <updateVersion>업데이트된 버전:</updateVersion>
            <version>버전:</version>
        </label>
        <status>
            <complete>완벽한</complete>
            <completed>완성됨</completed>
            <failed>실패한</failed>
            <incomplete>불완전한</incomplete>
            <inProgress>진행 중</inProgress>
            <passed>합격</passed>
            <notStarted>시작되지 않음</notStarted>
        </status>
        <button>
            <cancel>취소</cancel>
            <cancelTooltip>취소</cancelTooltip>
            <checkForUpdate>업데이트를 확인</checkForUpdate>
            <checkForUpdateAvailable>업데이트 다운로드</checkForUpdateAvailable>
            <checkForUpdateNone>업데이트 없음</checkForUpdateNone>
            <clear>지우기</clear>
            <clearTooltip>지우기</clearTooltip>
            <help>정보 / 도움말</help>
            <helpTooltip>정보 / 도움말</helpTooltip>
            <ok>확인</ok>
            <okTooltip>확인</okTooltip>
            <pause>일시적인 중지</pause>
            <pauseTooltip>일시적인 중지 {getPodName}</pauseTooltip>
            <play>시작/재생</play>
            <playTooltip>시작/재생 {getPodName}</playTooltip>
            <print>인쇄</print>
            <printTooltip>인쇄</printTooltip>
            <quit>떠나다</quit>
            <quitTooltip>떠나다</quitTooltip>
            <refresh>새로 고치다</refresh>
            <refreshTooltip>새로 고치다</refreshTooltip>
            <reset>초기화</reset>
            <resetTooltip>초기화 {getPodName}</resetTooltip>
            <restart>재시작</restart>
            <restartTooltip>재시작 {getPodName}</restartTooltip>
            <results>결과</results>
            <resultsTooltip>결과 보기</resultsTooltip>
            <saveAsPdf>PDF로 저장</saveAsPdf>
            <saveAsPdfTooltip>PDF로 저장</saveAsPdfTooltip>
            <scores>점수</scores>
            <scoresTooltip>참석자 점수 표시</scoresTooltip>
            <settings>설정</settings>
            <settingsTooltip>설정 열기</settingsTooltip>
            <start>시작</start>
            <startTooltip>{getPodName} 시작</startTooltip>
            <stop>중지</stop>
            <stopTooltip>{getPodName} 중지</stopTooltip>
        </button>
        <color>
            <cornsilk>콘실크|#FFF8DC</cornsilk>
            <darkBlue>다크 블루|#191970</darkBlue>
            <default>기본값|</default>
            <gray>회색|#808080</gray>
            <seaGreen>바다 녹색|#8FBC8F</seaGreen>
            <white>흰색|#FFFFFF</white>
            <custom>사용자 정의|custom</custom>
        </color>
    </ko>
    <it name='Italian' displayName='Italiano'>
        <error>
            <error>Errore</error>
            <generic>Si è verificato un errore</generic>
            <unknown>Si è verificato un errore sconosciuto</unknown>
            <noConnect>Non è stato avviato da Adobe Connect</noConnect>
        </error>
        <wordcloud>
            <notConfigured>Il titolo WordCloud non è stato aggiunto, sei sicuro di voler continuare? &lt;br /&gt;&lt;br /&gt;Fai clic su &lt;b&gt;Continua&lt;/b&gt; iniziare comunque; fai clic su &lt;b&gt;Impostazioni&lt;/b&gt; configurare il pod; oppure fai clic su &lt;b&gt;Annulla&lt;/b&gt; per chiudere</notConfigured>
            <notConfiguredTitle>Non configurato</notConfiguredTitle>
            <singleWordLimit>Limite di parole per voce (0 per illimitato):</singleWordLimit>
            <limitWords>Numero limite di voci (0 per illimitato):</limitWords>
            <delay>Ritardo aggiornamento:</delay>
            <delayTooltip>Ritardo aggiornamento di {getPodName} tra le parole</delayTooltip>
            <angles>Orientamento delle parole:</angles>
            <anglesTooltip>Imposta l'orientamento delle parole</anglesTooltip>
            <font>Carattere:</font>
            <tip>Suggerimento: per eliminare una parola, tieni premuto il tasto &lt;ctrl&gt; tasto (⌘ su Mac) mentre fai clic su di esso</tip>
            <inputNotConfiguredPlaceholder>{getPodName} non è stato configurato</inputNotConfiguredPlaceholder>
            <inputWordPlaceholder>Inserisci la parola qui</inputWordPlaceholder>
            <inputPhrasePlaceholder>Inserisci una o più parole qui</inputPhrasePlaceholder>
            <inputLimitPlaceholder>Limite di parole raggiunto</inputLimitPlaceholder>
            <inputStoppedPlaceholder>{getPodName} è stato arrestato</inputStoppedPlaceholder>
        </wordcloud>
        <delay>
            <_0>0 (nessun ritardo)</_0>
            <_1>1 secondo</_1>
            <_2>2 secondi</_2>
            <_3>3 secondi</_3>
            <_4>4 secondi</_4>
        </delay>
        <angles>
            <_0>0 (nessuno / piatto)</_0>
            <_1>90 gradi (in alto)</_1>
            <_2>90 gradi (verso il basso)</_2>
            <_3>360 gradi (completo)</_3>
        </angles>
        <label>
            <!-- Change these values for every language - Begin -->
            <titleDefault></titleDefault>
            <!-- Change these values for every language - End -->
            <about>A proposito di</about>
            <allowPresentersSettings>Consenti ai relatori di configurare il Pod:</allowPresentersSettings>
            <checkForUpdateAvailableTooltip>Scarica l'aggiornamento per {getPodName}</checkForUpdateAvailableTooltip>
            <checkForUpdateTooltip>Controlla l'aggiornamento per {getPodName}</checkForUpdateTooltip>
            <colorBackground>Colore di Sfondo:</colorBackground>
            <configure>Configura</configure>
            <createdFor>Creato per &lt;i&gt;Adobe Connect&lt;/i&gt;</createdFor>
            <documentation>Documentazione</documentation>
            <documentationTooltip>Visualizza Guida / Documentazione</documentationTooltip>
            <feedback>Feedback</feedback>
            <feedbackTooltip>Invia feedback a Envolvemedia</feedbackTooltip>
            <forceLanguage>Preparato per tutti:</forceLanguage>
            <forceLanguageTooltip>Imposta la lingua per tutti i partecipanti</forceLanguageTooltip>
            <language>Linguaggio:</language>
            <name>Nome</name>
            <notificationCompleted>Ben fatto! &lt;br/&gt;{getPodName} è stato completato</notificationCompleted>
            <notificationFailed>Non hai completato correttamente {getPodName}.</notificationFailed>
            <notificationIncomplete>{getPodName} non è completo.</notificationIncomplete>
            <notificationNotStarted>{getPodName} non è stato avviato.</notificationNotStarted>
            <notificationPaused>{getPodName} è stato messo in pausa. &lt;br/&gt;Attendere prego!</notificationPaused>
            <notificationStarted>{getPodName} è stato avviato.</notificationStarted>
            <notificationStopped>{getPodName} è stato interrotto!</notificationStopped>
            <pod>Contenitore</pod>
            <releaseDate>Data di rilascio:</releaseDate>
            <results>Risultati</results>
            <status>Stato</status>
            <title>Titolo {getPodName}:</title>
            <updateAvailable>Aggiornamento disponibile</updateAvailable>
            <updateDate>Data di rilascio aggiornata:</updateDate>
            <updateInstallInstructions>Istruzioni per l'installazione</updateInstallInstructions>
            <updateInstallInstructionsTooltip>Visualizza le istruzioni di installazione</updateInstallInstructionsTooltip>
            <updateVersion>Versione aggiornata:</updateVersion>
            <version>Versione:</version>
        </label>
        <status>
            <complete>Completare</complete>
            <completed>Completato</completed>
            <failed>Fallito</failed>
            <incomplete>Incompleto</incomplete>
            <inProgress>In corso</inProgress>
            <passed>Passato</passed>
            <notStarted>Non avviato</notStarted>
        </status>
        <button>
            <cancel>Annulla</cancel>
            <cancelTooltip>Annulla</cancelTooltip>
            <checkForUpdate>Ricerca aggiornamenti</checkForUpdate>
            <checkForUpdateAvailable>Scarica aggiornamento</checkForUpdateAvailable>
            <checkForUpdateNone>Nessun aggiornamento disponibile</checkForUpdateNone>
            <clear>Cancella</clear>
            <clearTooltip>Cancella</clearTooltip>
            <help>Aiuto / Informazioni</help>
            <helpTooltip>Aiuto / Informazioni</helpTooltip>
            <ok>OK</ok>
            <okTooltip>OK</okTooltip>
            <pause>Pausa</pause>
            <pauseTooltip>Pausa {getPodName}</pauseTooltip>
            <play>Riproduci</play>
            <playTooltip>Riproduci {getPodName}</playTooltip>
            <print>Stampa</print>
            <printTooltip>Stampa</printTooltip>
            <quit>Smettere</quit>
            <quitTooltip>Chiudi</quitTooltip>
            <refresh>Aggiornare</refresh>
            <refreshTooltip>Aggiorna tabella</refreshTooltip>
            <reset>Ripristina</reset>
            <resetTooltip>Ripristina {getPodName}</resetTooltip>
            <restart>Riavvia</restart>
            <restartTooltip>Riavvia {getPodName}</restartTooltip>
            <results>Risultati</results>
            <resultsTooltip>Vedi i Risultati</resultsTooltip>
            <saveAsPdf>Salva come PDF</saveAsPdf>
            <saveAsPdfTooltip>Salva come PDF</saveAsPdfTooltip>
            <scores>Punteggio</scores>
            <scoresTooltip>Mostra i punteggi dei partecipanti</scoresTooltip>
            <settings>Impostazioni</settings>
            <settingsTooltip>Apri Impostazioni</settingsTooltip>
            <start>Inizio</start>
            <startTooltip>Avvia {getPodName}</startTooltip>
            <stop>Ferma</stop>
            <stopTooltip>Interrompi {getPodName}</stopTooltip>
        </button>
        <color>
            <cornsilk>Cornsilk|#FFF8DC</cornsilk>
            <darkBlue>Blu Scuro|#191970</darkBlue>
            <default>Predefinito|</default>
            <gray>Grigio|#808080</gray>
            <seaGreen>Verde mare|#8FBC8F</seaGreen>
            <white>Bianco|#FFFFFF</white>
            <custom>Personalizzato|custom</custom>
        </color>
    </it>
    <no name='Norwegian' displayName='Norska'>
        <error>
            <error>Feil</error>
            <generic>Det oppsto en feil</generic>
            <unknown>En ukjent feil oppsto</unknown>
            <noConnect>Dette har ikke blitt lansert fra Adobe Connect</noConnect>
        </error>
        <wordcloud>
            <notConfigured>WordCloud-tittelen er ikke lagt til, er du sikker på at du vil fortsette? &lt;br /&gt;&lt;br /&gt;Klikk &lt;b&gt;Fortsett&lt;/b&gt; å starte uansett; klikk på &lt;b&gt;Innstillinger&lt;/b&gt; å konfigurere poden; eller klikk &lt;b&gt;Avbryt&lt;/b&gt; for å lukke</notConfigured>
            <notConfiguredTitle>Ikke konfigurert</notConfiguredTitle>
            <singleWordLimit>Ordgrense per oppføring (0 for ubegrenset):</singleWordLimit>
            <limitWords>Begrens antall oppføringer (0 for ubegrenset):</limitWords>
            <delay>Forsinket oppdatering:</delay>
            <delayTooltip>Forsinket oppdatering av {getPodName} mellom ord</delayTooltip>
            <angles>Ordorientering:</angles>
            <anglesTooltip>Angi orientering av ord</anglesTooltip>
            <font>Skrift:</font>
            <tip>Tips: For å slette et ord, hold inne &lt;ctrl&gt; (⌘ på Mac) mens du klikker på den</tip>
            <inputNotConfiguredPlaceholder>{getPodName} er ikke konfigurert</inputNotConfiguredPlaceholder>
            <inputWordPlaceholder>Skriv inn ordet her</inputWordPlaceholder>
            <inputPhrasePlaceholder>Skriv inn ord her</inputPhrasePlaceholder>
            <inputLimitPlaceholder>Ordgrense nådd</inputLimitPlaceholder>
            <inputStoppedPlaceholder>{getPodName} har blitt stoppet</inputStoppedPlaceholder>
        </wordcloud>
        <delay>
            <_0>0 (ingen forsinkelse)</_0>
            <_1>1 sekund</_1>
            <_2>2 sekunder</_2>
            <_3>3 sekunder</_3>
            <_4>4 sekunder</_4>
        </delay>
        <angles>
            <_0>0 (ingen / flat)</_0>
            <_1>90 grader (opp)</_1>
            <_2>90 grader (ned)</_2>
            <_3>360 grader (full)</_3>
        </angles>
        <label>
            <!-- Change these values for every language - Begin -->
            <titleDefault></titleDefault>
            <!-- Change these values for every language - End -->            
            <about>Om</about>
            <allowPresentersSettings>La presentatører konfigurere pod:</allowPresentersSettings>
            <checkForUpdateAvailableTooltip>Last ned oppdatering for {getPodName}</checkForUpdateAvailableTooltip>
            <checkForUpdateTooltip>Sjekk oppdatering for {getPodName}</checkForUpdateTooltip>
            <colorBackground>Bakgrunnsfarge:</colorBackground>
            <configure>Konfigurer</configure>
            <createdFor>Opprettet for &lt;i&gt;Adobe Connect&lt;/i&gt;</createdFor>
            <documentation>Dokumentasjon</documentation>
            <documentationTooltip>Se hjelp / dokumentasjon</documentationTooltip>
            <feedback>Tilbakemelding</feedback>
            <feedbackTooltip>Send tilbakemelding til Envolvemedia</feedbackTooltip>
            <forceLanguage>Angi for alle:</forceLanguage>
            <forceLanguageTooltip>Angi språket for alle deltakere</forceLanguageTooltip>
            <language>Språk:</language>
            <name>Navn</name>
            <notificationCompleted>Godt gjort! &lt;br/&gt;{getPodName} er fullført</notificationCompleted>
            <notificationFailed>Du fullførte ikke {getPodName} riktig.</notificationFailed>
            <notificationIncomplete>{getPodName} er ikke komplett.</notificationIncomplete>
            <notificationNotStarted>{getPodName} er ikke startet.</notificationNotStarted>
            <notificationPaused>{getPodName} er satt på pause. &lt;br/&gt;Vennligst vent!</notificationPaused>
            <notificationStarted>{getPodName} har startet.</notificationStarted>
            <notificationStopped>{getPodName} har blitt stoppet!</notificationStopped>
            <notificationUnavailable>{getPodName} er ikke tilgjengelig</notificationUnavailable>
            <pod>Pod</pod>
            <releaseDate>Utgivelsesdato:</releaseDate>
            <results>Resultater</results>
            <status>Status</status>
            <title>{getPodName} Tittel:</title>
            <updateAvailable>Oppdatering tilgjengelig</updateAvailable>
            <updateDate>Oppdatert utgivelsesdato:</updateDate>
            <updateInstallInstructions>Installasjonsinstruksjoner</updateInstallInstructions>
            <updateInstallInstructionsTooltip>Se installasjonsinstruksjonene</updateInstallInstructionsTooltip>
            <updateVersion>Oppdatert versjon:</updateVersion>
            <version>Versjon:</version>
        </label>
        <status>
            <complete>Fullfør</complete>
            <completed>Fullført</completed>
            <failed>Mislyktes</failed>
            <incomplete>Ufullstendig</incomplete>
            <inProgress>Pågår</inProgress>
            <passed>Bestått</passed>
            <notStarted>Ikke startet</notStarted>
        </status>
        <button>
            <cancel>Avbryt</cancel>
            <cancelTooltip>Avbryt</cancelTooltip>
            <checkForUpdate>Se etter oppdatering</checkForUpdate>
            <checkForUpdateAvailable>Last ned oppdatering</checkForUpdateAvailable>
            <checkForUpdateNone>Ingen oppdatering tilgjengelig</checkForUpdateNone>
            <clear>Tøm</clear>
            <clearTooltip>Tøm</clearTooltip>
            <close>Lukk</close>
            <closeTooltip>Lukk</closeTooltip>
            <download>Last ned</download>
            <downloadTooltip>Last ned</downloadTooltip>
            <help>Hjelp</help>
            <helpTooltip>Hjelp/Om</helpTooltip>
            <ok>OK</ok>
            <okTooltip>OK</okTooltip>
            <pause>Pause</pause>
            <pauseTooltip>Sett {getPodName} på pause</pauseTooltip>
            <play>Start/Spill</play>
            <playTooltip>Start/spill {getPodName}</playTooltip>
            <print>Skriv ut</print>
            <printTooltip>Skriv ut</printTooltip>
            <quit>Avslutt</quit>
            <quitTooltip>Lukk</quitTooltip>
            <refresh>Oppdater</refresh>
            <refreshTooltip>Oppdater tabell</refreshTooltip>
            <reset>Tilbakestill</reset>
            <resetTooltip>Tilbakestill {getPodName}</resetTooltip>
            <restart>Start på nytt</restart>
            <restartTooltip>Start {getPodName} på nytt</restartTooltip>
            <results>Resultater</results>
            <resultsTooltip>Vis resultater</resultsTooltip>
            <saveAsImage>Lagre som bilde</saveAsImage>
            <saveAsImageTooltip>Lagre som bilde</saveAsImageTooltip>
            <saveAsPdf>Lagre som PDF</saveAsPdf>
            <saveAsPdfTooltip>Lagre som PDF</saveAsPdfTooltip>
            <scores>Score</scores>
            <scoresTooltip>Vis resultater</scoresTooltip>
            <settings>Innstillinger</settings>
            <settingsTooltip>Innstillinger</settingsTooltip>
            <start>Start</start>
            <startTooltip>Start {getPodName}</startTooltip>
            <stop>Stopp</stop>
            <stopTooltip>Stopp {getPodName}</stopTooltip>
        </button>
        <color>
            <cornsilk>Maissilk|#FFF8DC</cornsilk>
            <darkBlue>Mørkeblå|#191970</darkBlue>
            <default>Standard|</default>
            <gray>Grå|#808080</gray>
            <seaGreen>Sjøgrønn|#8FBC8F</seaGreen>
            <white>Hvit|#FFFFFF</white>
            <custom>Egendefinert|custom</custom>
        </color>
    </no>
    <pt-br name='Portuguese' displayName='Português do Brasil'>
        <error>
            <error>Erro</error>
            <generic>Ocorreu um erro</generic>
            <unknown>Ocorreu um erro desconhecido</unknown>
            <noConnect>Isso não foi iniciado a partir do Adobe Connect</noConnect>
        </error>
        <wordcloud>
            <notConfigured>O título WordCloud não foi adicionado, tem certeza que deseja continuar? &lt;br /&gt;&lt;br /&gt;Clique em &lt;b&gt;Continuar&lt;/b&gt; para começar de qualquer maneira; clique em &lt;b&gt;Configurações&lt;/b&gt; para configurar o pod; ou clique em &lt;b&gt;Cancelar&lt;/b&gt; para fechar</notConfigured>
            <notConfiguredTitle>Não configurado</notConfiguredTitle>
            <singleWordLimit>Limite de palavras por entrada (0 para ilimitado):</singleWordLimit>
            <limitWords>Número limite de entradas (0 para ilimitado):</limitWords>
            <delay>Atrasar atualização:</delay>
            <delayTooltip>Atraso na atualização de {getPodName} entre as palavras</delayTooltip>
            <angles>Orientação de palavras:</angles>
            <anglesTooltip>Definir orientação das palavras</anglesTooltip>
            <font>Fonte:</font>
            <tip>Dica: Para excluir uma palavra, mantenha pressionada a tecla &lt;ctrl&gt; tecla (⌘ no Mac) enquanto clica nela</tip>
            <inputNotConfiguredPlaceholder>{getPodName} não foi configurado</inputNotConfiguredPlaceholder>
            <inputWordPlaceholder>Digite a palavra aqui</inputWordPlaceholder>
            <inputPhrasePlaceholder>Digite a(s) palavra(s) aqui</inputPhrasePlaceholder>
            <inputLimitPlaceholder>Limite de palavras atingido</inputLimitPlaceholder>
            <inputStoppedPlaceholder>{getPodName} foi interrompido</inputStoppedPlaceholder>
        </wordcloud>
        <delay>
            <_0>0 (sem atraso)</_0>
            <_1>1 segundo</_1>
            <_2>2 segundos</_2>
            <_3>3 segundos</_3>
            <_4>4 segundos</_4>
        </delay>
        <angles>
            <_0>0 (nenhum / plano)</_0>
            <_1>90 graus (para cima)</_1>
            <_2>90 graus (para baixo)</_2>
            <_3>360 graus (completo)</_3>
        </angles>
        <label>
            <!-- Change these values for every language - Begin -->
            <titleDefault></titleDefault>
            <!-- Change these values for every language - End -->
            <about>Sobre</about>
            <allowPresentersSettings>Permitir que os apresentadores configurem o Pod:</allowPresentersSettings>
            <checkForUpdateAvailableTooltip>Baixar atualização para {getPodName}</checkForUpdateAvailableTooltip>
            <checkForUpdateTooltip>Verifique a atualização para {getPodName}</checkForUpdateTooltip>
            <colorBackground>Cor de fundo:</colorBackground>
            <configure>Configurar</configure>
            <createdFor>Criado para &lt;i&gt;Adobe Connect&lt;/i&gt;</createdFor>
            <documentation>Documentação</documentation>
            <documentationTooltip>Ver Ajuda / Documentação</documentationTooltip>
            <feedback>Comentários</feedback>
            <feedbackTooltip>Enviar feedback para a Envolvemedia</feedbackTooltip>
            <forceLanguage>Definir para todos:</forceLanguage>
            <forceLanguageTooltip>Definir idioma para todos os participantes</forceLanguageTooltip>
            <language>Idioma:</language>
            <name>Nome</name>
            <notificationCompleted>Bem feito! &lt;br/&gt;{getPodName} foi completado</notificationCompleted>
            <notificationFailed>Você não concluiu corretamente {getPodName}.</notificationFailed>
            <notificationIncomplete>{getPodName} não está completo.</notificationIncomplete>
            <notificationNotStarted>{getPodName} não foi iniciado.</notificationNotStarted>
            <notificationPaused>{getPodName} foi pausado. &lt;br/&gt;Por favor, espere!</notificationPaused>
            <notificationStarted>{getPodName} foi iniciado.</notificationStarted>
            <notificationStopped>{getPodName} foi interrompido!</notificationStopped>
            <pod>Pod</pod>
            <releaseDate>Data de lançamento:</releaseDate>
            <results>Resultados</results>
            <status>Status</status>
            <title>Título do {getPodName}:</title>
            <updateAvailable>Atualização disponível</updateAvailable>
            <updateDate>Data de lançamento atualizada:</updateDate>
            <updateInstallInstructions>Instruções de instalação</updateInstallInstructions>
            <updateInstallInstructionsTooltip>Ver instruções de instalação</updateInstallInstructionsTooltip>
            <updateVersion>Versão atualizada:</updateVersion>
            <version>Versão:</version>
        </label>
        <status>
            <complete>Completo</complete>
            <completed>Concluído</completed>
            <failed>Fracassado</failed>
            <incomplete>Incompleto</incomplete>
            <inProgress>Em Andamento</inProgress>
            <passed>Passado</passed>
            <notStarted>Não Foi Iniciado</notStarted>
        </status>
        <button>
            <cancel>Cancelar</cancel>
            <cancelTooltip>Cancelar</cancelTooltip>
            <checkForUpdate>Verifique atualizações</checkForUpdate>
            <checkForUpdateAvailable>Baixar atualização</checkForUpdateAvailable>
            <checkForUpdateNone>Nenhuma atualização disponível</checkForUpdateNone>
            <clear>Limpar</clear>
            <clearTooltip>Limpar</clearTooltip>
            <help>Ajuda / Sobre</help>
            <helpTooltip>Ajuda / Sobre</helpTooltip>
            <ok>OK</ok>
            <okTooltip>OK</okTooltip>
            <pause>Pausar</pause>
            <pauseTooltip>Pausar {getPodName}</pauseTooltip>
            <play>Jogar</play>
            <playTooltip>Jogar {getPodName}</playTooltip>
            <print>Imprimir</print>
            <printTooltip>Imprimir</printTooltip>
            <quit>Deixar</quit>
            <quitTooltip>Fechar</quitTooltip>
            <refresh>Atualizar</refresh>
            <refreshTooltip>Atualizar Tabela</refreshTooltip>
            <reset>Redefinir</reset>
            <resetTooltip>Redefinir {getPodName}</resetTooltip>
            <restart>Reiniciar</restart>
            <restartTooltip>Reiniciar {getPodName}</restartTooltip>
            <results>Resultados</results>
            <resultsTooltip>Ver Resultados</resultsTooltip>
            <saveAsPdf>Salvar como PDF</saveAsPdf>
            <saveAsPdfTooltip>Salvar como PDF</saveAsPdfTooltip>
            <scores>Pontuação</scores>
            <scoresTooltip>Mostrar pontuações dos participantes</scoresTooltip>
            <settings>Configurações</settings>
            <settingsTooltip>Abrir Configurações</settingsTooltip>
            <start>Começar</start>
            <startTooltip>Inicie o {getPodName}</startTooltip>
            <stop>Parar</stop>
            <stopTooltip>Parar {getPodName}</stopTooltip>
        </button>
        <color>
            <cornsilk>Seda de milho|#FFF8DC</cornsilk>
            <darkBlue>Azul Escuro|#191970</darkBlue>
            <default>Padrão|</default>
            <gray>Cinza|#808080</gray>
            <seaGreen>Verde Mar|#8FBC8F</seaGreen>
            <white>Branco|#FFFFFF</white>
            <custom>Personalizado|custom</custom>
        </color>
    </pt-br>
    <fi name='Finnish' displayName='Suomi'>
        <error>
            <error>Virhe</error>
            <generic>Tapahtui virhe</generic>
            <unknown>Tapahtui tuntematon virhe</unknown>
            <noConnect>Tätä ei ole käynnistetty Adobe Connectista</noConnect>
        </error>
        <wordcloud>
            <notConfigured>WordCloud-otsikkoa ei ole lisätty. Haluatko varmasti jatkaa? &lt;br /&gt;&lt;br /&gt;Napsauta &lt;b&gt;Jatka&lt;/b&gt; aloittaa joka tapauksessa; napsauta &lt;b&gt;Asetukset&lt;/b&gt; podin konfigurointiin; tai napsauta &lt;b&gt;Peruuta&lt;/b&gt; sulkeaksesi</notConfigured>
            <notConfiguredTitle>Ei määritetty</notConfiguredTitle>
            <singleWordLimit>Sanojen määrä per merkintä (0, rajoittamaton):</singleWordLimit>
            <limitWords>Merkintöjen maksimimäärä (0 rajattomasti):</limitWords>
            <delay>Päivitysviive:</delay>
            <delayTooltip>Viive sanojen päivityksen välillä</delayTooltip>
            <angles>Sanan suunta:</angles>
            <anglesTooltip>Aseta sanojen suunta</anglesTooltip>
            <font>Fontti:</font>
            <tip>Vinkki - pidä &lt;ctrl&gt;-näppäintä (Macissa komentonäppäintä) pohjassa ja napsauta poistettavaa sanaa</tip>
            <inputNotConfiguredPlaceholder>{getPodName} ei ole määritetty</inputNotConfiguredPlaceholder>
            <inputWordPlaceholder>Kirjoita sana tähän</inputWordPlaceholder>
            <inputPhrasePlaceholder>Kirjoita sanat tähän</inputPhrasePlaceholder>
            <inputLimitPlaceholder>Sanaraja saavutettu</inputLimitPlaceholder>
            <inputStoppedPlaceholder>{getPodName} on pysäytetty</inputStoppedPlaceholder>
        </wordcloud>
        <delay>
            <_0>0 (ei viivettä)</_0>
            <_1>1 sekunti</_1>
            <_2>2 sekuntia</_2>
            <_3>3 sekuntia</_3>
            <_4>4 sekuntia</_4>
        </delay>
        <angles>
            <_0>0 (ei mitään / tasainen)</_0>
            <_1>90 astetta (ylös)</_1>
            <_2>90 astetta (alas)</_2>
            <_3>360 astetta (täysi)</_3>
        </angles>
        <label>
            <!-- Change these values for every language - Begin -->
            <titleDefault></titleDefault>
            <!-- Change these values for every language - End -->            
            <about>Tietoja</about>
            <allowPresentersSettings>Salli hallinta esittäjille:</allowPresentersSettings>
            <checkForUpdateAvailableTooltip>Lataa päivitys kohteelle {getPodName}</checkForUpdateAvailableTooltip>
            <checkForUpdateTooltip>Tarkista {getPodName}:n päivitys</checkForUpdateTooltip>
            <colorBackground>Taustaväri:</colorBackground>
            <configure>Määritä</configure>
            <createdFor>Luotu &lt;i&gt;Adobe Connectille&lt;/i&gt;</createdFor>
            <documentation>Dokumentaatio</documentation>
            <documentationTooltip>Näytä ohje / dokumentaatio</documentationTooltip>
            <feedback>Palaute</feedback>
            <feedbackTooltip>Lähetä palautetta Envolvemedialle</feedbackTooltip>
            <forceLanguage>Aseta kaikille:</forceLanguage>
            <forceLanguageTooltip>Aseta kieli kaikille osallistujille</forceLanguageTooltip>
            <language>Kieli:</language>
            <name>Nimi</name>
            <notificationCompleted>Hyvin tehty! &lt;br/&gt;{getPodName} on valmis</notificationCompleted>
            <notificationFailed>Et täyttänyt {getPodName} oikein.</notificationFailed>
            <notificationIncomplete>{getPodName} ei ole valmis.</notificationIncomplete>
            <notificationNotStarted>{getPodName} ei ole aloitettu.</notificationNotStarted>
            <notificationPaused>{getPodName} on keskeytetty. &lt;br/&gt;Odota!</notificationPaused>
            <notificationStarted>{getPodName} on alkanut.</notificationStarted>
            <notificationStopped>{getPodName} on pysäytetty!</notificationStopped>
            <notificationUnavailable>{getPodName} ei ole saatavilla</notificationUnavailable>
            <pod>Pod</pod>
            <releaseDate>Julkaisupäivä:</releaseDate>
            <results>Tulokset</results>
            <status>Tila</status>
            <title>{getPodName}-otsikko:</title>
            <updateAvailable>Päivitys saatavilla</updateAvailable>
            <updateDate>Päivitetty julkaisupäivä:</updateDate>
            <updateInstallInstructions>Asennusohjeet</updateInstallInstructions>
            <updateInstallInstructionsTooltip>Näytä asennusohjeet</updateInstallInstructionsTooltip>
            <updateVersion>Päivitetty versio:</updateVersion>
            <version>Versio:</version>
        </label>
        <status>
            <complete>Valmis</complete>
            <completed>Valmis</completed>
            <failed>Epäonnistunut</failed>
            <incomplete>Epätäydellinen</incomplete>
            <inProgress>Käynnissä</inProgress>
            <passed>Hyväksytty</passed>
            <notStarted>Ei aloitettu</notStarted>
        </status>
        <button>
            <cancel>Peruuta</cancel>
            <cancelTooltip>Peruuta</cancelTooltip>
            <checkForUpdate>Tarkista päivitykset</checkForUpdate>
            <checkForUpdateAvailable>Lataa päivitys</checkForUpdateAvailable>
            <checkForUpdateNone>Päivitystä ei ole saatavilla</checkForUpdateNone>
            <clear>Tyhjennä</clear>
            <clearTooltip>Tyhjennä</clearTooltip>
            <close>Sulje</close>
            <closeTooltip>Sulje</closeTooltip>
            <download>Lataa</download>
            <downloadTooltip>Lataa</downloadTooltip>
            <help>Ohje</help>
            <helpTooltip>Ohje/Tietoja</helpTooltip>
            <ok>OK</ok>
            <okTooltip>OK</okTooltip>
            <pause>Tauko</pause>
            <pauseTooltip>Keskeytä {getPodName}</pauseTooltip>
            <play>Käynnistä/Toista</play>
            <playTooltip>Aloita/toista {getPodName}</playTooltip>
            <print>Tulosta</print>
            <printTooltip>Tulosta</printTooltip>
            <quit>Lopeta</quit>
            <quitTooltip>Sulje</quitTooltip>
            <refresh>Päivitä</refresh>
            <refreshTooltip>Päivitä taulukko</refreshTooltip>
            <reset>Palauta</reset>
            <resetTooltip>Palauta {getPodName}</resetTooltip>
            <restart>Käynnistä uudelleen</restart>
            <restartTooltip>Käynnistä uudelleen {getPodName}</restartTooltip>
            <results>Tulokset</results>
            <resultsTooltip>Näytä tulokset</resultsTooltip>
            <saveAsImage>Tallenna kuvana</saveAsImage>
            <saveAsImageTooltip>Tallenna kuvana</saveAsImageTooltip>
            <saveAsPdf>Tallenna PDF-muodossa</saveAsPdf>
            <saveAsPdfTooltip>Tallenna PDF-muodossa</saveAsPdfTooltip>
            <scores>Pisteet</scores>
            <scoresTooltip>Näytä pisteet</scoresTooltip>
            <settings>Asetukset</settings>
            <settingsTooltip>Asetukset</settingsTooltip>
            <start>Aloita</start>
            <startTooltip>Käynnistä {getPodName}</startTooltip>
            <stop>Lopeta</stop>
            <stopTooltip>Lopeta {getPodName}</stopTooltip>
        </button>
        <color>
            <cornsilk>Vaaleankeltainen|#FFF8DC</cornsilk>
            <darkBlue>Tummansininen|#191970</darkBlue>
            <default>Oletus|</default>
            <gray>Harmaa|#808080</gray>
            <seaGreen>Merenvihreä|#8FBC8F</seaGreen>
            <white>Valkoinen|#FFFFFF</white>
            <custom>Muokattu|custom</custom>
        </color>
    </fi>
    <se name='Swedish' displayName='Svenska'>
        <error>
            <error>Fel</error>
            <generic>Ett fel uppstod</generic>
            <unknown>Ett okänt fel inträffade</unknown>
            <noConnect>Detta har inte lanserats från Adobe Connect</noConnect>
        </error>
        <wordcloud>
            <notConfigured>WordCloud-titeln har inte lagts till, är du säker på att du vill fortsätta? &lt;br /&gt;&lt;br /&gt;Klicka på &lt;b&gt;Fortsätt&lt;/b&gt; att börja ändå; klicka på &lt;b&gt;Inställningar&lt;/b&gt; för att konfigurera podden; eller klicka på &lt;b&gt;Avbryt&lt;/b&gt; för att stänga</notConfigured>
            <notConfiguredTitle>Inte konfigurerad</notConfiguredTitle>
            <singleWordLimit>Ordgräns per post (0 för obegränsat):</singleWordLimit>
            <limitWords>Begränsa antal poster (0 för obegränsat):</limitWords>
            <delay>Uppdateringstid:</delay>
            <delayTooltip>Fördröj uppdatering av {getPodName} mellan ord</delayTooltip>
            <angles>Orientering:</angles>
            <anglesTooltip>Ställ in orientering av ord</anglesTooltip>
            <font>Teckensnitt:</font>
            <tip>Tips: Om du vill ta bort ett ord håller du ned &lt;ctrl&gt; (⌘ på Mac) medan du klickar på den</tip>
            <inputNotConfiguredPlaceholder>{getPodName} har inte konfigurerats</inputNotConfiguredPlaceholder>
            <inputWordPlaceholder>Skriv in ordet här</inputWordPlaceholder>
            <inputPhrasePlaceholder>Skriv in ord här</inputPhrasePlaceholder>
            <inputLimitPlaceholder>Ordgräns nådd</inputLimitPlaceholder>
            <inputStoppedPlaceholder>{getPodName} har stoppats</inputStoppedPlaceholder>
        </wordcloud>
        <delay>
            <_0>0 (ingen fördröjning)</_0>
            <_1>1 sekund</_1>
            <_2>2 sekunder</_2>
            <_3>3 sekunder</_3>
            <_4>4 sekunder</_4>
        </delay>
        <angles>
            <_0>0 (ingen / platt)</_0>
            <_1>90 grader (upp)</_1>
            <_2>90 grader (nedåt)</_2>
            <_3>360 grader (full)</_3>
        </angles>
        <label>
            <!-- Change these values for every language - Begin -->
            <titleDefault></titleDefault>
            <!-- Change these values for every language - End -->            
            <about>Om</about>
            <allowPresentersSettings>Tillåt presentatörer att konfigurera pod:</allowPresentersSettings>
            <checkForUpdateAvailableTooltip>Hämta uppdatering för {getPodName}</checkForUpdateAvailableTooltip>
            <checkForUpdateTooltip>Kontrollera uppdateringen för {getPodName}</checkForUpdateTooltip>
            <colorBackground>Bakgrundsfärg:</colorBackground>
            <configure>Konfigurera</configure>
            <createdFor>Skapat för &lt;i&gt;Adobe Connect&lt;/i&gt;</createdFor>
            <documentation>Dokumentation</documentation>
            <documentationTooltip>Visa hjälp/dokumentation</documentationTooltip>
            <feedback>Feedback</feedback>
            <feedbackTooltip>Skicka feedback till Envolvemedia</feedbackTooltip>
            <forceLanguage>Ange för alla:</forceLanguage>
            <forceLanguageTooltip>Ställ in språket för alla deltagare</forceLanguageTooltip>
            <language>Språk:</language>
            <name>Namn</name>
            <notificationCompleted>Bra gjort! &lt;br/&gt;{getPodName} har slutförts</notificationCompleted>
            <notificationFailed>Du har inte slutfört {getPodName} korrekt.</notificationFailed>
            <notificationIncomplete>{getPodName} är inte komplett.</notificationIncomplete>
            <notificationNotStarted>{getPodName} har inte startats.</notificationNotStarted>
            <notificationPaused>{getPodName} har pausats. &lt;br/&gt;Vänta!</notificationPaused>
            <notificationStarted>{getPodName} har startat.</notificationStarted>
            <notificationStopped>{getPodName} har stoppats!</notificationStopped>
            <notificationUnavailable>{getPodName} är inte tillgänglig</notificationUnavailable>
            <pod>Pod</pod>
            <releaseDate>Utgivningsdatum:</releaseDate>
            <results>Resultat</results>
            <status>Status</status>
            <title>{getPodName} Titel:</title>
            <updateAvailable>Uppdatering tillgänglig</updateAvailable>
            <updateDate>Uppdaterat releasedatum:</updateDate>
            <updateInstallInstructions>Installationsinstruktioner</updateInstallInstructions>
            <updateInstallInstructionsTooltip>Visa installationsinstruktioner</updateInstallInstructionsTooltip>
            <updateVersion>Uppdaterad version:</updateVersion>
            <version>Version:</version>
        </label>
        <status>
            <complete>Slutför</complete>
            <completed>Slutfört</completed>
            <failed>Mislyckades</failed>
            <incomplete>Ofullständig</incomplete>
            <inProgress>Pågår</inProgress>
            <passed>Godkänd</passed>
            <notStarted>Inte startat</notStarted>
        </status>
        <button>
            <cancel>Avbryt</cancel>
            <cancelTooltip>Avbryt</cancelTooltip>
            <checkForUpdate>Sök efter uppdatering</checkForUpdate>
            <checkForUpdateAvailable>Ladda ned uppdatering</checkForUpdateAvailable>
            <checkForUpdateNone>Ingen uppdatering tillgänglig</checkForUpdateNone>
            <clear>Rensa</clear>
            <clearTooltip>Rensa</clearTooltip>
            <close>Stäng</close>
            <closeTooltip>Stäng</closeTooltip>
            <download>Ladda ner</download>
            <downloadTooltip>Ladda ner</downloadTooltip>
            <help>Hjälp</help>
            <helpTooltip>Hjälp/Om</helpTooltip>
            <ok>OK</ok>
            <okTooltip>OK</okTooltip>
            <pause>Paus</pause>
            <pauseTooltip>Pausa {getPodName}</pauseTooltip>
            <play>Starta/spela</play>
            <playTooltip>Starta/spela {getPodName}</playTooltip>
            <print>Skriv ut</print>
            <printTooltip>Skriv ut</printTooltip>
            <quit>Avsluta</quit>
            <quitTooltip>Stäng</quitTooltip>
            <refresh>Uppdatera</refresh>
            <refreshTooltip>Uppdatera tabell</refreshTooltip>
            <reset>Återställ</reset>
            <resetTooltip>Återställ {getPodName}</resetTooltip>
            <restart>Starta om</restart>
            <restartTooltip>Starta om {getPodName}</restartTooltip>
            <results>Resultat</results>
            <resultsTooltip>Visa resultat</resultsTooltip>
            <saveAsImage>Spara som bild</saveAsImage>
            <saveAsImageTooltip>Spara som bild</saveAsImageTooltip>
            <saveAsPdf>Spara som PDF</saveAsPdf>
            <saveAsPdfTooltip>Spara som PDF</saveAsPdfTooltip>
            <scores>Poäng</scores>
            <scoresTooltip>Visa resultat</scoresTooltip>
            <settings>Inställningar</settings>
            <settingsTooltip>Inställningar</settingsTooltip>
            <start>Start</start>
            <startTooltip>Starta {getPodName}</startTooltip>
            <stop>Stopp</stop>
            <stopTooltip>Stoppa {getPodName}</stopTooltip>
        </button>
        <color>
            <cornsilk>Majssilk|#FFF8DC</cornsilk>
            <darkBlue>Mörkblå|#191970</darkBlue>
            <default>Standard|</default>
            <gray>Grå|#808080</gray>
            <seaGreen>Sjögrönt|#8FBC8F</seaGreen>
            <white>Vit|#FFFFFF</white>
            <custom>Anpassad|custom</custom>
        </color>
    </se>
</strings>