<?xml version="1.0" encoding="utf-8" ?>
<breeze-manifest version="1.0" xmlns="http://breeze.macromedia.com/ns/breeze-manifest" generator="ZB">
	<document type="custom-pod" id="com.adobe.connect.clock" version="1.0.001"  minimumConnectServerVersion="11.2"/>
	<assets>
		<asset type="document-view">
			<entry href="clock.htm" href-html5="clock.htm" />
			<file href="clock.htm"/>
			<file href="js/"/>
			<file href="js/clock.js"/>
			<file href="images/"/>
			<file href="images/clockface.png"/>	
		</asset>
	</assets>
</breeze-manifest>