<?xml version='1.0' encoding='UTF-8'?>
<strings>
    <en name='English' displayName='English' default='true'>
        <error>
            <error>Error</error>
            <generic>An error occurred</generic>
            <unknown>An unknown error occurred</unknown>
            <noConnect>This has not been launched from Adobe Connect</noConnect>
        </error>
        <iframe>
            <url>URL:</url>
            <urlPlaceholder>Enter URL here</urlPlaceholder>
            <failsafeDisplay>Display fail-safe text/link:</failsafeDisplay>
            <failsafeLocation>Location:</failsafeLocation>
            <failsafe>Fail-safe:</failsafe>
            <failsafeTooltip>Verbiage if website not visible in iframe</failsafeTooltip>
            <failsafeText>Fail-safe text:</failsafeText>
            <failsafeTextDefault>Don't see the website?</failsafeTextDefault>
            <failsafeTextPlaceholder>Enter failsafe text here</failsafeTextPlaceholder>
            <failsafeHypertext>Hypertext:</failsafeHypertext>
            <failsafeHypertextDefault>Click here to view in browser</failsafeHypertextDefault>
            <failsafeHypertextPlaceholder>Enter failsafe hypertext here</failsafeHypertextPlaceholder>
        </iframe>
        <failsafeLocation>
            <upperLeft>Upper Left</upperLeft>
            <lowerLeft>Lower Left</lowerLeft>
            <upperRight>Upper Right</upperRight>
            <lowerRight>Lower Right</lowerRight>
        </failsafeLocation>
        <label>
            <!-- Change these values for every language - Begin -->
            <titleDefault>iFrame Pod</titleDefault>
            <!-- Change these values for every language - End -->            
            <about>About</about>
            <allowPresentersSettings>Allow Presenters to configure pod:</allowPresentersSettings>
            <checkForUpdateAvailableTooltip>Download update for {getPodName}</checkForUpdateAvailableTooltip>
            <checkForUpdateTooltip>Check update for {getPodName}</checkForUpdateTooltip>
            <colorBackground>Background Color:</colorBackground>
            <configure>Configure</configure>
            <createdFor>Created for &lt;i&gt;Adobe Connect&lt;/i&gt;</createdFor>
            <documentation>Documentation</documentation>
            <documentationTooltip>View Help / Documentation</documentationTooltip>
            <feedback>Feedback</feedback>
            <feedbackTooltip>Send Feedback to Envolvemedia</feedbackTooltip>
            <forceLanguage>Set for all:</forceLanguage>
            <forceLanguageTooltip>Set the language for all attendees</forceLanguageTooltip>
            <language>Language:</language>
            <name>Name</name>
            <notificationCompleted>Well done! &lt;br/&gt;{getPodName} has been completed</notificationCompleted>
            <notificationFailed>You did not properly complete {getPodName}.</notificationFailed>
            <notificationIncomplete>{getPodName} is not complete.</notificationIncomplete>
            <notificationNotStarted>{getPodName} has not been started.</notificationNotStarted>
            <notificationPaused>{getPodName} has been paused. &lt;br/&gt;Please wait!</notificationPaused>
            <notificationStarted>{getPodName} has started.</notificationStarted>
            <notificationStopped>{getPodName} has been stopped!</notificationStopped>
            <pod>Pod</pod>
            <releaseDate>Release Date:</releaseDate>
            <results>Results</results>
            <status>Status</status>
            <title>Pod Title:</title>
            <updateAvailable>Update Available</updateAvailable>
            <updateDate>Updated Release Date:</updateDate>
            <updateInstallInstructions>Install Instructions</updateInstallInstructions>
            <updateInstallInstructionsTooltip>View Install Instructions</updateInstallInstructionsTooltip>
            <updateVersion>Updated Version:</updateVersion>
            <version>Version:</version>
        </label>
        <status>
            <complete>Complete</complete>
            <completed>Completed</completed>
            <failed>Failed</failed>
            <incomplete>Incomplete</incomplete>
            <inProgress>In Progress</inProgress>
            <passed>Passed</passed>
            <notStarted>Not Started</notStarted>
        </status>
        <button>
            <cancel>Cancel</cancel>
            <cancelTooltip>Cancel</cancelTooltip>
            <checkForUpdate>Check for update</checkForUpdate>
            <checkForUpdateAvailable>Download Update</checkForUpdateAvailable>
            <checkForUpdateNone>No update available</checkForUpdateNone>
            <clear>Clear</clear>
            <clearTooltip>Clear</clearTooltip>
            <close>Close</close>
            <closeTooltip>Close</closeTooltip>
            <help>Help</help>
            <helpTooltip>Help/About</helpTooltip>
            <ok>OK</ok>
            <okTooltip>OK</okTooltip>
            <pause>Pause</pause>
            <pauseTooltip>Pause {getPodName}</pauseTooltip>
            <play>Start/Play</play>
            <playTooltip>Start/Play {getPodName}</playTooltip>
            <print>Print</print>
            <printTooltip>Print</printTooltip>
            <quit>Quit</quit>
            <quitTooltip>Close</quitTooltip>
            <refresh>Refresh</refresh>
            <refreshTooltip>Refresh Table</refreshTooltip>
            <reset>Reset</reset>
            <resetTooltip>Reset {getPodName}</resetTooltip>
            <restart>Restart</restart>
            <restartTooltip>Restart {getPodName}</restartTooltip>
            <results>Results</results>
            <resultsTooltip>Show Results</resultsTooltip>
            <saveAsPdf>Save as PDF</saveAsPdf>
            <saveAsPdfTooltip>Save as PDF</saveAsPdfTooltip>
            <scores>Scores</scores>
            <scoresTooltip>Show Scores</scoresTooltip>
        </button>
        <color>
            <cornsilk>Cornsilk|#FFF8DC</cornsilk>
            <darkBlue>Dark Blue|#191970</darkBlue>
            <default>Default|</default>
            <gray>Gray|#808080</gray>
            <seaGreen>Sea Green|#8FBC8F</seaGreen>
            <white>White|#FFFFFF</white>
            <custom>Custom|custom</custom>
        </color>
    </en>
    <de name='German' displayName='Deutsch'>
        <error>
            <error>Fehler</error>
            <generic>Ein Fehler ist aufgetreten</generic>
            <unknown>Ein unbekannter Fehler ist aufgetreten</unknown>
            <noConnect>Dies wurde nicht von Adobe Connect gestartet</noConnect>
        </error>
        <iframe>
            <url>URL:</url>
            <urlPlaceholder>URL hier eingeben</urlPlaceholder>
            <failsafeDisplay>Failsafe-Text/Link anzeigen:</failsafeDisplay>
            <failsafeLocation>Ort:</failsafeLocation>
            <failsafe>Ausfallsicher:</failsafe>
            <failsafeTooltip>Text/Link falls Website nicht im Iframe sichtbar</failsafeTooltip>
            <failsafeText>Ausfallsicherer Text:</failsafeText>
            <failsafeTextDefault>Sie sehen die Website nicht?</failsafeTextDefault>
            <failsafeTextPlaceholder>Geben Sie hier den Failsafe-Text ein</failsafeTextPlaceholder>
            <failsafeHypertext>Hypertext:</failsafeHypertext>
            <failsafeHypertextDefault>Klicken Sie hier, um im Browser anzuzeigen</failsafeHypertextDefault>
            <failsafeHypertextPlaceholder>Geben Sie hier den Failsafe-Hypertext ein</failsafeHypertextPlaceholder>
        </iframe>
        <failsafeLocation>
            <upperLeft>Oben links</upperLeft>
            <lowerLeft>Unten links</lowerLeft>
            <upperRight>Oben rechts</upperRight>
            <lowerRight>Rechts unten</lowerRight>
        </failsafeLocation>
        <label>
            <!-- Change these values for every language - Begin -->
            <titleDefault>iFrame-Pod</titleDefault>
            <!-- Change these values for every language - End --> 
            <about>Über</about>
            <allowPresentersSettings>Moderatoren erlauben, Pod zu konfigurieren:</allowPresentersSettings>
            <checkForUpdateAvailableTooltip>Update herunterladen für {getPodName}</checkForUpdateAvailableTooltip>
            <checkForUpdateTooltip>Überprüfen Sie das Update auf {getPodName}</checkForUpdateTooltip>
            <colorBackground>Hintergrundfarbe:</colorBackground>
            <configure>Konfigurieren</configure>
            <createdFor>Erstellt für &lt;i&gt;Adobe Connect&lt;/i&gt;</createdFor>
            <documentation>Dokumentation</documentation>
            <documentationTooltip>Hilfe / Dokumentation Anzeigen</documentationTooltip>
            <feedback>Feedback</feedback>
            <feedbackTooltip>Senden Sie Feedback an Envolvemedia</feedbackTooltip>
            <forceLanguage>Für alle eingestellt:</forceLanguage>
            <forceLanguageTooltip>Legen Sie die Sprache für alle Teilnehmer fest</forceLanguageTooltip>
            <language>Sprache:</language>
            <name>Name</name>
            <notificationCompleted>Gut erledigt! &lt;br/&gt;{getPodName} wurde vervollständigt</notificationCompleted>
            <notificationFailed>Sie haben nicht richtig abgeschlossen {getPodName}.</notificationFailed>
            <notificationIncomplete>{getPodName} ist nicht vollständig.</notificationIncomplete>
            <notificationNotStarted>{getPodName} wurde nicht gestartet.</notificationNotStarted>
            <notificationPaused>{getPodName} wurde pausiert. &lt;br/&gt;Bitte warten!</notificationPaused>
            <notificationStarted>{getPodName} wurde gestartet.</notificationStarted>
            <notificationStopped>{getPodName} wurde gestoppt!</notificationStopped>
            <pod>Pod</pod>
            <releaseDate>Veröffentlichungsdatum:</releaseDate>
            <results>Ergebnisse</results>
            <status>Status</status>
            <title>Pod-Titel:</title>
            <updateAvailable>Update verfügbar</updateAvailable>
            <updateDate>Veröffentlichungsdatum aktualisiert:</updateDate>
            <updateInstallInstructions>Installationsanweisungen</updateInstallInstructions>
            <updateInstallInstructionsTooltip>Installationsanweisungen anzeigen</updateInstallInstructionsTooltip>
            <updateVersion>Aktualisierte Version:</updateVersion>
            <version>Version:</version>
        </label>
        <status>
            <complete>Vollständig</complete>
            <completed>Abgeschlossen</completed>
            <failed>Gescheitert</failed>
            <incomplete>Unvollständig</incomplete>
            <inProgress>In Bearbeitung</inProgress>
            <passed>Bestanden</passed>
            <notStarted>Nicht Gestartet</notStarted>
        </status>
        <button>
            <cancel>Abbrechen</cancel>
            <cancelTooltip>Abbrechen</cancelTooltip>
            <checkForUpdate>Überprüfe auf Updates</checkForUpdate>
            <checkForUpdateAvailable>Aktualisierung herunterladen</checkForUpdateAvailable>
            <checkForUpdateNone>Keine Aktualisierung verfügbar</checkForUpdateNone>
            <clear>Abräumen</clear>
            <clearTooltip>Abräumen</clearTooltip>
            <help>Hilfe</help>
            <helpTooltip>Über/Hilfe</helpTooltip>
            <ok>OK</ok>
            <okTooltip>OK</okTooltip>
            <pause>Pause</pause>
            <pauseTooltip>Pause {getPodName}</pauseTooltip>
            <play>Starten/Spielen</play>
            <playTooltip>Starten/Spielen {getPodName}</playTooltip>
            <print>Drucken</print>
            <printTooltip>Drucken</printTooltip>
            <quit>Beenden</quit>
            <quitTooltip>Beenden</quitTooltip>
            <refresh>Aktualisieren</refresh>
            <refreshTooltip>Tabelle Aktualisieren</refreshTooltip>
            <reset>Zurücksetzen</reset>
            <resetTooltip>{getPodName} Zurücksetzen</resetTooltip>
            <restart>Neustart</restart>
            <restartTooltip>Starte {getPodName}</restartTooltip>
            <results>Ergebnisse</results>
            <resultsTooltip>Zeige Ergebnisse</resultsTooltip>
            <saveAsPdf>Als PDF speichern</saveAsPdf>
            <saveAsPdfTooltip>Als PDF speichern</saveAsPdfTooltip>
            <scores>Ergebnisse</scores>
            <scoresTooltip>Ergebnisse anzeigen</scoresTooltip>
            <settings>Einstellungen</settings>
            <settingsTooltip>Einstellungen öffnen</settingsTooltip>
            <stop>Stopp</stop>
            <stopTooltip>Stopp {getPodName}</stopTooltip>
        </button>
        <color>
            <cornsilk>Cornsilk|#FFF8DC</cornsilk>
            <darkBlue>Dunkelblau|#191970</darkBlue>
            <default>Standard|</default>
            <gray>Grau|#808080</gray>
            <seaGreen>Meergrün|#8FBC8F</seaGreen>
            <white>Weiß|#FFFFFF</white>
            <custom>Benutzerdefiniert|custom</custom>
        </color>
    </de>
    <fr name='French' displayName='Français'>
        <error>
            <error>Erreur</error>
            <generic>Une erreur s'est produite</generic>
            <unknown>Une erreur inconnue s'est produite</unknown>
            <noConnect>Ceci n'a pas été lancé depuis Adobe Connect</noConnect>
        </error>
        <iframe>
            <url>URL:</url>
            <urlPlaceholder>Entrez l'URL ici</urlPlaceholder>
            <failsafeDisplay>Afficher le texte/lien de sécurité:</failsafeDisplay>
            <failsafeLocation>Emplacement:</failsafeLocation>
            <failsafe>Sécurité intégrée:</failsafe>
            <failsafeTooltip>Texte/lien si le site Web n'est pas visible dans l'iframe</failsafeTooltip>
            <failsafeText>Texte de sécurité:</failsafeText>
            <failsafeTextDefault>Vous ne voyez pas le site Web?</failsafeTextDefault>
            <failsafeTextPlaceholder>Entrez le texte de sécurité ici</failsafeTextPlaceholder>
            <failsafeHypertext>Hypertexte:</failsafeHypertext>
            <failsafeHypertextDefault>Cliquez ici pour voir dans le navigateur</failsafeHypertextDefault>
            <failsafeHypertextPlaceholder>Entrez l'hypertexte de sécurité ici</failsafeHypertextPlaceholder>
        </iframe>
        <failsafeLocation>
            <upperLeft>En haut à gauche</upperLeft>
            <lowerLeft>En bas à gauche</lowerLeft>
            <upperRight>En haut à droite</upperRight>
            <lowerRight>En bas à droite</lowerRight>
        </failsafeLocation>
        <label>
            <!-- Change these values for every language - Begin -->
            <titleDefault>Module iFrame</titleDefault>
            <!-- Change these values for every language - End -->
            <about>À propos du</about>
            <allowPresentersSettings>Autoriser les présentateurs à configurer le Pod:</allowPresentersSettings>
            <checkForUpdateAvailableTooltip>Télécharger la mise à jour pour {getPodName}</checkForUpdateAvailableTooltip>
            <checkForUpdateTooltip>Vérifier la mise à jour pour {getPodName}</checkForUpdateTooltip>
            <colorBackground>Couleur d'arrière-plan:</colorBackground>
            <configure>Configurer</configure>
            <createdFor>Créé pour &lt;i&gt;Adobe Connect&lt;/i&gt;</createdFor>
            <documentation>Documentation</documentation>
            <documentationTooltip>Afficher l'aide/la documentation</documentationTooltip>
            <feedback>Retour d'information</feedback>
            <feedbackTooltip>Envoyer des commentaires à Envolvemedia</feedbackTooltip>
            <forceLanguage>Ensemble pour tous:</forceLanguage>
            <forceLanguageTooltip>Définir la langue pour tous les participants</forceLanguageTooltip>
            <language>Langue:</language>
            <name>Nom</name>
            <notificationCompleted>Bien fait! &lt;br/&gt;{getPodName} a été complété</notificationCompleted>
            <notificationFailed>Vous n'avez pas bien rempli {getPodName}.</notificationFailed>
            <notificationIncomplete>{getPodName} n'est pas complet.</notificationIncomplete>
            <notificationNotStarted>{getPodName} n'a pas été démarré.</notificationNotStarted>
            <notificationPaused>{getPodName} a été mis en pause. &lt;br/&gt;S'il vous plaît, attendez!</notificationPaused>
            <notificationStarted>{getPodName} a démarré.</notificationStarted>
            <notificationStopped>{getPodName} a été arrêté!</notificationStopped>
            <pod>Conteneur</pod>
            <releaseDate>Date de sortie:</releaseDate>
            <results>Résultats</results>
            <status>Statut</status>
            <title>Titre du module:</title>
            <updateAvailable>Mise à jour disponible</updateAvailable>
            <updateDate>Date de sortie mise à jour:</updateDate>
            <updateInstallInstructions>Instructions d'installation</updateInstallInstructions>
            <updateInstallInstructionsTooltip>Afficher les instructions d'installation</updateInstallInstructionsTooltip>
            <updateVersion>Version mise à jour:</updateVersion>
            <version>Version:</version>
        </label>
        <status>
            <complete>Complet</complete>
            <completed>Terminé</completed>
            <failed>Manqué</failed>
            <incomplete>Incomplet</incomplete>
            <inProgress>En Cours</inProgress>
            <passed>Passé</passed>
            <notStarted>Non Démarré</notStarted>
        </status>
        <button>
            <cancel>Annuler</cancel>
            <cancelTooltip>Annuler</cancelTooltip>
            <checkForUpdate>Vérifier la mise à jour</checkForUpdate>
            <checkForUpdateAvailable>Télécharger la mise à jour</checkForUpdateAvailable>
            <checkForUpdateNone>Pas de mise a jour disponible</checkForUpdateNone>
            <clear>Effacer</clear>
            <clearTooltip>Réinitialisation</clearTooltip>
            <help>À Propos / Aide</help>
            <helpTooltip>À Propos / Aide</helpTooltip>
            <ok>OK</ok>
            <okTooltip>OK</okTooltip>
            <pause>Pause</pause>
            <pauseTooltip>Suspendre {getPodName}</pauseTooltip>
            <play>Démarrer/Jouer</play>
            <playTooltip>Démarrer/Jouer {getPodName}</playTooltip>
            <print>Imprimer</print>
            <printTooltip>Imprimer</printTooltip>
            <quit>Quitter</quit>
            <quitTooltip>Fermer</quitTooltip>
            <refresh>Réactualiser</refresh>
            <refreshTooltip>Tableau de mise à jour</refreshTooltip>
            <reset>Réinitialiser</reset>
            <resetTooltip>Réinitialiser {getPodName}</resetTooltip>
            <restart>Redémarrer</restart>
            <restartTooltip>Redémarrer {getPodName}</restartTooltip>
            <results>Résultats</results>
            <resultsTooltip>Montrer les Résultats</resultsTooltip>
            <saveAsPdf>Enregistrer au format PDF</saveAsPdf>
            <saveAsPdfTooltip>Enregistrer au format PDF</saveAsPdfTooltip>
            <scores>Les scores</scores>
            <scoresTooltip>Afficher les scores des participants</scoresTooltip>
            <settings>Paramètres</settings>
            <settingsTooltip>Ouvrir les Paramètres</settingsTooltip>
            <stop>Arrêter</stop>
            <stopTooltip>Arrêter {getPodName}</stopTooltip>
        </button>
        <color>
            <cornsilk>Cornsilk|#FFF8DC</cornsilk>
            <darkBlue>Bleu Foncé|#191970</darkBlue>
            <default>Par Défaut|</default>
            <gray>Gris|#808080</gray>
            <seaGreen>Vert Marin|#8FBC8F</seaGreen>
            <white>Blanc|#FFFFFF</white>
            <custom>Personnalisé|custom</custom>
        </color>
    </fr>
    <es name='Spanish' displayName='Español'>
        <error>
            <error>Error</error>
            <generic>Ocurrió un error</generic>
            <unknown>Ocurrió un error desconocido</unknown>
            <noConnect>Esto no se ha iniciado desde Adobe Connect</noConnect>
        </error>
        <iframe>
            <url>URL:</url>
            <urlPlaceholder>Introduzca la URL aquí</urlPlaceholder>
            <failsafeDisplay>Mostrar texto/enlace a prueba de fallas:</failsafeDisplay>
            <failsafeLocation>Ubicación:</failsafeLocation>
            <failsafe>A prueba de fallos:</failsafe>
            <failsafeTooltip>Texto/enlace si el sitio web no está visible en iframe</failsafeTooltip>
            <failsafeText>Texto a prueba de fallas:</failsafeText>
            <failsafeTextDefault>¿No ves el sitio web?</failsafeTextDefault>
            <failsafeTextPlaceholder>Ingrese el texto a prueba de fallas aquí</failsafeTextPlaceholder>
            <failsafeHypertext>Hipertexto:</failsafeHypertext>
            <failsafeHypertextDefault>Haga clic aquí para ver en el navegador</failsafeHypertextDefault>
            <failsafeHypertextPlaceholder>Ingrese el hipertexto a prueba de fallas aquí</failsafeHypertextPlaceholder>
        </iframe>
        <failsafeLocation>
            <upperLeft>Arriba a la izquierda</upperLeft>
            <lowerLeft>Inferior izquierda</lowerLeft>
            <upperRight>Superior derecha</upperRight>
            <lowerRight>Inferior derecha</lowerRight>
        </failsafeLocation>
        <label>
            <!-- Change these values for every language - Begin -->
            <titleDefault>Módulo iFrame</titleDefault>
            <!-- Change these values for every language - End -->
            <about>Sobre</about>
            <allowPresentersSettings>Permitir que los presentadores configuren Pod:</allowPresentersSettings>
            <checkForUpdateAvailableTooltip>Descargar actualización para {getPodName}</checkForUpdateAvailableTooltip>
            <checkForUpdateTooltip>Verifique la actualización para {getPodName}</checkForUpdateTooltip>
            <colorBackground>Color de Fondo:</colorBackground>
            <configure>Configurar</configure>
            <createdFor>Creado para &lt;i&gt;Adobe Connect&lt;/i&gt;</createdFor>
            <documentation>Documentación</documentation>
            <documentationTooltip>Ver Ayuda / Documentación</documentationTooltip>
            <feedback>Comentarios</feedback>
            <feedbackTooltip>Enviar comentarios a Envolvemedia</feedbackTooltip>
            <forceLanguage>Listo para todos:</forceLanguage>
            <forceLanguageTooltip>Establecer idioma para todos los asistentes</forceLanguageTooltip>
            <language>Idioma:</language>
            <name>Nombre</name>
            <notificationCompleted>¡Bien hecho! &lt;br/&gt;{getPodName} se ha completado</notificationCompleted>
            <notificationFailed>No completaste correctamente {getPodName}.</notificationFailed>
            <notificationIncomplete>{getPodName} no esta completo.</notificationIncomplete>
            <notificationNotStarted>{getPodName} no se ha iniciado.</notificationNotStarted>
            <notificationPaused>{getPodName} ha sido pausado. &lt;br/&gt;¡Espere por favor!</notificationPaused>
            <notificationStarted>{getPodName} ha comenzado.</notificationStarted>
            <notificationStopped>{getPodName} ha sido detenido!</notificationStopped>
            <pod>Pod</pod>
            <releaseDate>Fecha de Lanzamiento:</releaseDate>
            <results>Resultados</results>
            <status>Estado</status>
            <title>Título de la cápsula:</title>
            <updateAvailable>Actualización disponible</updateAvailable>
            <updateDate>Fecha de lanzamiento actualizada:</updateDate>
            <updateInstallInstructions>Instrucciones de instalación</updateInstallInstructions>
            <updateInstallInstructionsTooltip>Ver instrucciones de instalación</updateInstallInstructionsTooltip>
            <updateVersion>Versión actualizada:</updateVersion>
            <version>Versión:</version>
        </label>
        <status>
            <complete>Completo</complete>
            <completed>Terminado</completed>
            <failed>Fallido</failed>
            <incomplete>Incompleto</incomplete>
            <inProgress>En progreso</inProgress>
            <passed>Pasó</passed>
            <notStarted>No iniciado</notStarted>
        </status>
        <button>
            <cancel>Cancelar</cancel>
            <cancelTooltip>Cancelar</cancelTooltip>
            <checkForUpdate>Buscar actualizaciones</checkForUpdate>
            <checkForUpdateAvailable>Descarga de la actualización</checkForUpdateAvailable>
            <checkForUpdateNone>Actualización no disponible</checkForUpdateNone>
            <clear>Limpiar</clear>
            <clearTooltip>Limpiar</clearTooltip>
            <help>Ayuda / Acerca de</help>
            <helpTooltip>Ayuda / Acerca de</helpTooltip>
            <ok>OK</ok>
            <okTooltip>Aceptar</okTooltip>
            <pause>Pausa</pause>
            <pauseTooltip>Pausar {getPodName}</pauseTooltip>
            <play>Iniciar/Reproducir</play>
            <playTooltip>Iniciar/Reproducir {getPodName}</playTooltip>
            <print>Imprimir</print>
            <printTooltip>Imprimir</printTooltip>
            <quit>Salir</quit>
            <quitTooltip>Cerrar</quitTooltip>
            <refresh>Actualizar</refresh>
            <refreshTooltip>Actualizar Tabla</refreshTooltip>
            <reset>Reiniciar</reset>
            <resetTooltip>Restablecer {getPodName}</resetTooltip>
            <restart>Reiniciar</restart>
            <restartTooltip>Reiniciar {getPodName}</restartTooltip>
            <results>Resultados</results>
            <resultsTooltip>Ver resultados</resultsTooltip>
            <saveAsPdf>Guardar como PDF</saveAsPdf>
            <saveAsPdfTooltip>Guardar como PDF</saveAsPdfTooltip>
            <scores>Puntuación</scores>
            <scoresTooltip>Mostrar puntajes de los asistentes</scoresTooltip>
            <settings>Configuracións</settings>
            <settingsTooltip>Configuración Abierta</settingsTooltip>
            <stop>Detener</stop>
            <stopTooltip>Detener {getPodName}</stopTooltip>
        </button>
        <color>
            <cornsilk>Cornsilk|#FFF8DC</cornsilk>
            <darkBlue>Azul Oscuro|#191970</darkBlue>
            <default>Predeterminado|</default>
            <gray>Gris|#808080</gray>
            <seaGreen>Verde Mar|#8FBC8F</seaGreen>
            <white>Blanco|#FFFFFF</white>
            <custom>Personalizado|custom</custom>
        </color>
    </es>
    <ja name='Japanese' displayName='日本語'>
        <error>
            <error>エラー</error>
            <generic>エラーが発生しました</generic>
            <unknown>不明なエラーが発生しました</unknown>
            <noConnect>これはAdobeConnectから起動されていません</noConnect>
        </error>
        <iframe>
            <url>URL:</url>
            <urlPlaceholder>ここに URL を入力</urlPlaceholder>
            <failsafeDisplay>フェールセーフ テキスト/リンクを表示する:</failsafeDisplay>
            <failsafeLocation>位置:</failsafeLocation>
            <failsafe>フェイルセーフ:</failsafe>
            <failsafeTooltip>Web サイトが iframe に表示されない場合のテキスト/リンク</failsafeTooltip>
            <failsafeText>フェイルセーフテキスト:</failsafeText>
            <failsafeTextDefault>ウェブサイトが表示されない場合</failsafeTextDefault>
            <failsafeTextPlaceholder>ここにフェイルセーフ テキストを入力してください</failsafeTextPlaceholder>
            <failsafeHypertext>ハイパーテキスト:</failsafeHypertext>
            <failsafeHypertextDefault>ブラウザで見るにはこちら</failsafeHypertextDefault>
            <failsafeHypertextPlaceholder>ここにフェイルセーフのハイパーテキストを入力してください</failsafeHypertextPlaceholder>
        </iframe>
        <failsafeLocation>
            <upperLeft>左上</upperLeft>
            <lowerLeft>左下</lowerLeft>
            <upperRight>右上</upperRight>
            <lowerRight>右下</lowerRight>
        </failsafeLocation>
        <label>
            <!-- Change these values for every language - Begin -->
            <titleDefault>iFrame ポッド</titleDefault>
            <!-- Change these values for every language - End -->
            <about>について</about>
            <allowPresentersSettings>プレゼンターがポッドを構成できるようにする:</allowPresentersSettings>
            <checkForUpdateAvailableTooltip>のアップデートをダウンロード {getPodName}</checkForUpdateAvailableTooltip>
            <checkForUpdateTooltip>アップデートを確認 {getPodName}</checkForUpdateTooltip>
            <colorBackground>背景色:</colorBackground>
            <configure>設定</configure>
            <createdFor>のために作成されました &lt;i&gt;Adobe Connect&lt;/i&gt;</createdFor>
            <documentation>ドキュメンテーション</documentation>
            <documentationTooltip>ヘルプ/ドキュメントの表示</documentationTooltip>
            <feedback>フィードバック</feedback>
            <feedbackTooltip>Envolvemediaにフィードバックを送信する</feedbackTooltip>
            <forceLanguage>全員に設定:</forceLanguage>
            <forceLanguageTooltip>すべての出席者の言語を設定する</forceLanguageTooltip>
            <language>言語:</language>
            <name>名前</name>
            <notificationCompleted>素晴らしい！ &lt;br/&gt;{getPodName} 完了しました</notificationCompleted>
            <notificationFailed>を正しく完了できませんでした {getPodName}。</notificationFailed>
            <notificationIncomplete>{getPodName} は完了していません。</notificationIncomplete>
            <notificationNotStarted>{getPodName} は開始されていません。</notificationNotStarted>
            <notificationPaused>{getPodName} 一時停止されました。&lt;br/&gt;お待ちください！</notificationPaused>
            <notificationStarted>{getPodName} が開始されました。</notificationStarted>
            <notificationStopped>{getPodName} が停止されました!</notificationStopped>
            <pod>ポッド</pod>
            <releaseDate>リリース日:</releaseDate>
            <results>結果</results>
            <status>状態</status>
            <title>ポッドのタイトル:</title>
            <updateAvailable>利用可能なアップデート</updateAvailable>
            <updateDate>更新されたリリース日:</updateDate>
            <updateInstallInstructions>インストール手順</updateInstallInstructions>
            <updateInstallInstructionsTooltip>インストール手順を表示</updateInstallInstructionsTooltip>
            <updateVersion>更新版:</updateVersion>
            <version>バージョン:</version>
        </label>
        <status>
            <complete>仕上げる</complete>
            <completed>完了</completed>
            <failed>失敗した</failed>
            <incomplete>不完全な</incomplete>
            <inProgress>進行中</inProgress>
            <passed>合格した</passed>
            <notStarted>始まっていない</notStarted>
        </status>
        <button>
            <cancel>キャンセル</cancel>
            <cancelTooltip>閉じる</cancelTooltip>
            <checkForUpdate>更新を確認</checkForUpdate>
            <checkForUpdateAvailable>アップデートをダウンロード</checkForUpdateAvailable>
            <checkForUpdateNone>アップデートはありません</checkForUpdateNone>
            <clear>クリア</clear>
            <clearTooltip>クリア</clearTooltip>
            <help>について/ヘルプ</help>
            <helpTooltip>について/ヘルプ</helpTooltip>
            <ok>OK</ok>
            <okTooltip>OK</okTooltip>
            <pause>暂停</pause>
            <pauseTooltip>暂停 {getPodName}</pauseTooltip>
            <play>開始/再生</play>
            <playTooltip>開始/再生 {getPodName}</playTooltip>
            <print>印刷</print>
            <printTooltip>印刷</printTooltip>
            <quit>終了</quit>
            <quitTooltip>証明書を閉じる</quitTooltip>
            <refresh>リフレッシュ</refresh>
            <refreshTooltip>リフレッシュ</refreshTooltip>
            <reset>リセット</reset>
            <resetTooltip>リセット {getPodName}</resetTooltip>
            <restart>再起動</restart>
            <restartTooltip>再起動 {getPodName}</restartTooltip>
            <results>結果</results>
            <resultsTooltip>結果を見る</resultsTooltip>
            <saveAsPdf>PDFとして保存</saveAsPdf>
            <saveAsPdfTooltip>証明書をPDFとして保存</saveAsPdfTooltip>
            <scores>スコア</scores>
            <scoresTooltip>出席者のスコアを表示</scoresTooltip>
            <settings>設定</settings>
            <settingsTooltip>設定を開く</settingsTooltip>
            <stop>停止</stop>
            <stopTooltip>停止 {getPodName}</stopTooltip>
        </button>
        <color>
            <cornsilk>トウモロコシの毛|#FFF8DC</cornsilk>
            <darkBlue>ダークブルー|#191970</darkBlue>
            <default>デフォルト|</default>
            <gray>グレー|#808080</gray>
            <seaGreen>シーグリーン|#8FBC8F</seaGreen>
            <white>白|#FFFFFF</white>
            <custom>カスタム|custom</custom>
        </color>
    </ja>
    <ko name='Korean' displayName='한국어'>
        <error>
            <error>오류</error>
            <generic>오류가 발생했습니다</generic>
            <unknown>알 수 없는 오류가 발생했습니다</unknown>
            <noConnect>このコンテンツはAdobe Connectから起動されていません</noConnect>
        </error>
        <iframe>
            <url>URL:</url>
            <urlPlaceholder>여기에 URL을 입력하세요</urlPlaceholder>
            <failsafeDisplay>비상 안전 텍스트/링크 표시:</failsafeDisplay>
            <failsafeLocation>위치:</failsafeLocation>
            <failsafe>페일 세이프:</failsafe>
            <failsafeTooltip>웹사이트가 iframe에 표시되지 않는 경우 텍스트/링크</failsafeTooltip>
            <failsafeText>페일 세이프 텍스트:</failsafeText>
            <failsafeTextDefault>웹사이트가 보이지 않습니까?</failsafeTextDefault>
            <failsafeTextPlaceholder>여기에 비상 안전 텍스트를 입력하세요</failsafeTextPlaceholder>
            <failsafeHypertext>하이퍼텍스트:</failsafeHypertext>
            <failsafeHypertextDefault>브라우저에서 보려면 여기를 클릭하세요</failsafeHypertextDefault>
            <failsafeHypertextPlaceholder>여기에 비상 안전 하이퍼텍스트를 입력하세요</failsafeHypertextPlaceholder>
        </iframe>
        <failsafeLocation>
            <upperLeft>왼쪽 위</upperLeft>
            <lowerLeft>왼쪽 하단</lowerLeft>
            <upperRight>오른쪽 위</upperRight>
            <lowerRight>오른쪽 아래</lowerRight>
        </failsafeLocation>
        <label>
            <!-- Change these values for every language - Begin -->
            <titleDefault>아이프레임 포드</titleDefault>
            <!-- Change these values for every language - End -->
            <about>대해서</about>
            <allowPresentersSettings>발표자가 포드를 구성하도록 허용:</allowPresentersSettings>
            <checkForUpdateAvailableTooltip>에 대한 업데이트 다운로드 {getPodName}</checkForUpdateAvailableTooltip>
            <checkForUpdateTooltip>업데이트 확인 {getPodName}</checkForUpdateTooltip>
            <colorBackground>배경색:</colorBackground>
            <configure>설정</configure>
            <createdFor>에 대해 생성됨 &lt;i&gt;Adobe Connect&lt;/i&gt;</createdFor>
            <documentation>선적 서류 비치</documentation>
            <documentationTooltip>Envolvemedia에 피드백 보내기</documentationTooltip>
            <feedback>피드백</feedback>
            <feedbackTooltip>Envolvemedia에 피드백 보내기</feedbackTooltip>
            <forceLanguage>모두를 위한 설정:</forceLanguage>
            <forceLanguageTooltip>모든 참석자의 언어 설정</forceLanguageTooltip>
            <language>언어:</language>
            <name>이름</name>
            <notificationCompleted>잘했어요! &lt;br/&gt;{getPodName} 완료되었다</notificationCompleted>
            <notificationFailed>{getPodName} 을(를) 제대로 완료하지 않았습니다.</notificationFailed>
            <notificationIncomplete>{getPodName} 이(가) 완료되지 않았습니다.</notificationIncomplete>
            <notificationNotStarted>{getPodName} 이(가) 시작되지 않았습니다.</notificationNotStarted>
            <notificationPaused>{getPodName} 일시중지되었습니다. &lt;br/&gt;기다리세요!</notificationPaused>
            <notificationStarted>{getPodName} 이(가) 시작되었습니다.</notificationStarted>
            <notificationStopped>{getPodName} 이(가) 중지되었습니다!</notificationStopped>
            <pod>창</pod>
            <releaseDate>릴리스 날짜:</releaseDate>
            <results>결과</results>
            <status>상태</status>
            <title>포드 제목:</title>
            <updateAvailable>업데이트 가능</updateAvailable>
            <updateDate>업데이트된 출시일:</updateDate>
            <updateInstallInstructions>설치 지침</updateInstallInstructions>
            <updateInstallInstructionsTooltip>설치 지침 보기</updateInstallInstructionsTooltip>
            <updateVersion>업데이트된 버전:</updateVersion>
            <version>버전:</version>
        </label>
        <status>
            <complete>완벽한</complete>
            <completed>완성됨</completed>
            <failed>실패한</failed>
            <incomplete>불완전한</incomplete>
            <inProgress>진행 중</inProgress>
            <passed>합격</passed>
            <notStarted>시작되지 않음</notStarted>
        </status>
        <button>
            <cancel>취소</cancel>
            <cancelTooltip>취소</cancelTooltip>
            <checkForUpdate>업데이트를 확인</checkForUpdate>
            <checkForUpdateAvailable>업데이트 다운로드</checkForUpdateAvailable>
            <checkForUpdateNone>업데이트 없음</checkForUpdateNone>
            <clear>지우기</clear>
            <clearTooltip>지우기</clearTooltip>
            <help>정보 / 도움말</help>
            <helpTooltip>정보 / 도움말</helpTooltip>
            <ok>확인</ok>
            <okTooltip>확인</okTooltip>
            <pause>일시적인 중지</pause>
            <pauseTooltip>일시적인 중지 {getPodName}</pauseTooltip>
            <play>시작/재생</play>
            <playTooltip>시작/재생 {getPodName}</playTooltip>
            <print>인쇄</print>
            <printTooltip>인쇄</printTooltip>
            <quit>떠나다</quit>
            <quitTooltip>떠나다</quitTooltip>
            <refresh>새로 고치다</refresh>
            <refreshTooltip>새로 고치다</refreshTooltip>
            <reset>초기화</reset>
            <resetTooltip>초기화 {getPodName}</resetTooltip>
            <restart>재시작</restart>
            <restartTooltip>재시작 {getPodName}</restartTooltip>
            <results>결과</results>
            <resultsTooltip>결과 보기</resultsTooltip>
            <saveAsPdf>PDF로 저장</saveAsPdf>
            <saveAsPdfTooltip>PDF로 저장</saveAsPdfTooltip>
            <scores>점수</scores>
            <scoresTooltip>참석자 점수 표시</scoresTooltip>
            <settings>설정</settings>
            <settingsTooltip>설정 열기</settingsTooltip>
            <stop>중지</stop>
            <stopTooltip>중지 {getPodName}</stopTooltip>
        </button>
        <color>
            <cornsilk>콘실크|#FFF8DC</cornsilk>
            <darkBlue>다크 블루|#191970</darkBlue>
            <default>기본값|</default>
            <gray>회색|#808080</gray>
            <seaGreen>바다 녹색|#8FBC8F</seaGreen>
            <white>흰색|#FFFFFF</white>
            <custom>사용자 정의|custom</custom>
        </color>
    </ko>
    <it name='Italian' displayName='Italiano'>
        <error>
            <error>Errore</error>
            <generic>Si è verificato un errore</generic>
            <unknown>Si è verificato un errore sconosciuto</unknown>
            <noConnect>Non è stato avviato da Adobe Connect</noConnect>
        </error>
        <iframe>
            <url>URL:</url>
            <urlPlaceholder>Inserisci l'URL qui</urlPlaceholder>
            <failsafeDisplay>Visualizza testo/collegamento fail-safe:</failsafeDisplay>
            <failsafeLocation>Posizione:</failsafeLocation>
            <failsafe>A prova di errore:</failsafe>
            <failsafeTooltip>Testo/link se il sito web non è visibile in iframe</failsafeTooltip>
            <failsafeText>Testo a prova di errore:</failsafeText>
            <failsafeTextDefault>Non vedi il sito?</failsafeTextDefault>
            <failsafeTextPlaceholder>Inserisci qui il testo sicuro</failsafeTextPlaceholder>
            <failsafeHypertext>Ipertesto:</failsafeHypertext>
            <failsafeHypertextDefault>Clicca qui per visualizzare nel browser</failsafeHypertextDefault>
            <failsafeHypertextPlaceholder>Inserisci qui l'ipertesto failsafe</failsafeHypertextPlaceholder>
        </iframe>
        <failsafeLocation>
            <upperLeft>Superiore sinistro</upperLeft>
            <lowerLeft>In basso a sinistra</lowerLeft>
            <upperRight>In alto a destra</upperRight>
            <lowerRight>In basso a destra</lowerRight>
        </failsafeLocation>
        <label>
            <!-- Change these values for every language - Begin -->
            <titleDefault>iFrame Pod</titleDefault>
            <!-- Change these values for every language - End -->
            <about>A proposito di</about>
            <allowPresentersSettings>Consenti ai relatori di configurare il Pod:</allowPresentersSettings>
            <checkForUpdateAvailableTooltip>Scarica l'aggiornamento per {getPodName}</checkForUpdateAvailableTooltip>
            <checkForUpdateTooltip>Controlla l'aggiornamento per {getPodName}</checkForUpdateTooltip>
            <colorBackground>Colore di Sfondo:</colorBackground>
            <configure>Configura</configure>
            <createdFor>Creato per &lt;i&gt;Adobe Connect&lt;/i&gt;</createdFor>
            <documentation>Documentazione</documentation>
            <documentationTooltip>Visualizza Guida / Documentazione</documentationTooltip>
            <feedback>Feedback</feedback>
            <feedbackTooltip>Invia feedback a Envolvemedia</feedbackTooltip>
            <forceLanguage>Preparato per tutti:</forceLanguage>
            <forceLanguageTooltip>Imposta la lingua per tutti i partecipanti</forceLanguageTooltip>
            <language>Linguaggio:</language>
            <name>Nome</name>
            <notificationCompleted>Ben fatto! &lt;br/&gt;{getPodName} è stato completato</notificationCompleted>
            <notificationFailed>Non hai completato correttamente {getPodName}.</notificationFailed>
            <notificationIncomplete>{getPodName} non è completo.</notificationIncomplete>
            <notificationNotStarted>{getPodName} non è stato avviato.</notificationNotStarted>
            <notificationPaused>{getPodName} è stato messo in pausa. &lt;br/&gt;Attendere prego!</notificationPaused>
            <notificationStarted>{getPodName} è stato avviato.</notificationStarted>
            <notificationStopped>{getPodName} è stato interrotto!</notificationStopped>
            <pod>Contenitore</pod>
            <releaseDate>Data di rilascio:</releaseDate>
            <results>Risultati</results>
            <status>Stato</status>
            <title>Titolo del baccello:</title>
            <updateAvailable>Aggiornamento disponibile</updateAvailable>
            <updateDate>Data di rilascio aggiornata:</updateDate>
            <updateInstallInstructions>Istruzioni per l'installazione</updateInstallInstructions>
            <updateInstallInstructionsTooltip>Visualizza le istruzioni di installazione</updateInstallInstructionsTooltip>
            <updateVersion>Versione aggiornata:</updateVersion>
            <version>Versione:</version>
        </label>
        <status>
            <complete>Completare</complete>
            <completed>Completato</completed>
            <failed>Fallito</failed>
            <incomplete>Incompleto</incomplete>
            <inProgress>In corso</inProgress>
            <passed>Passato</passed>
            <notStarted>Non avviato</notStarted>
        </status>
        <button>
            <cancel>Annulla</cancel>
            <cancelTooltip>Annulla</cancelTooltip>
            <checkForUpdate>Ricerca aggiornamenti</checkForUpdate>
            <checkForUpdateAvailable>Scarica aggiornamento</checkForUpdateAvailable>
            <checkForUpdateNone>Nessun aggiornamento disponibile</checkForUpdateNone>
            <clear>Cancella</clear>
            <clearTooltip>Cancella</clearTooltip>
            <help>Aiuto / Informazioni</help>
            <helpTooltip>Aiuto / Informazioni</helpTooltip>
            <ok>OK</ok>
            <okTooltip>OK</okTooltip>
            <pause>Pausa</pause>
            <pauseTooltip>Pausa {getPodName}</pauseTooltip>
            <play>Riproduci</play>
            <playTooltip>Riproduci {getPodName}</playTooltip>
            <print>Stampa</print>
            <printTooltip>Stampa</printTooltip>
            <quit>Smettere</quit>
            <quitTooltip>Chiudi</quitTooltip>
            <refresh>Aggiornare</refresh>
            <refreshTooltip>Aggiorna tabella</refreshTooltip>
            <reset>Ripristina</reset>
            <resetTooltip>Ripristina {getPodName}</resetTooltip>
            <restart>Riavvia</restart>
            <restartTooltip>Riavvia {getPodName}</restartTooltip>
            <results>Risultati</results>
            <resultsTooltip>Vedi i Risultati</resultsTooltip>
            <saveAsPdf>Salva come PDF</saveAsPdf>
            <saveAsPdfTooltip>Salva come PDF</saveAsPdfTooltip>
            <scores>Punteggio</scores>
            <scoresTooltip>Mostra i punteggi dei partecipanti</scoresTooltip>
            <settings>Impostazioni</settings>
            <settingsTooltip>Apri Impostazioni</settingsTooltip>
            <stop>Ferma</stop>
            <stopTooltip>Interrompi {getPodName}</stopTooltip>
        </button>
        <color>
            <cornsilk>Cornsilk|#FFF8DC</cornsilk>
            <darkBlue>Blu Scuro|#191970</darkBlue>
            <default>Predefinito|</default>
            <gray>Grigio|#808080</gray>
            <seaGreen>Verde mare|#8FBC8F</seaGreen>
            <white>Bianco|#FFFFFF</white>
            <custom>Personalizzato|custom</custom>
        </color>
    </it>
    <pt-br name='Portuguese' displayName='Português do Brasil'>
        <error>
            <error>Erro</error>
            <generic>Ocorreu um erro</generic>
            <unknown>Ocorreu um erro desconhecido</unknown>
            <noConnect>Isso não foi iniciado a partir do Adobe Connect</noConnect>
        </error>
        <iframe>
            <url>URL:</url>
            <urlPlaceholder>Insira o URL aqui</urlPlaceholder>
            <failsafeDisplay>Exibir texto/link à prova de falhas:</failsafeDisplay>
            <failsafeLocation>Localização:</failsafeLocation>
            <failsafe>À prova de falhas:</failsafe>
            <failsafeTooltip>Texto/link se o site não estiver visível no iframe</failsafeTooltip>
            <failsafeText>Texto à prova de falhas:</failsafeText>
            <failsafeTextDefault>Não vê o site?</failsafeTextDefault>
            <failsafeTextPlaceholder>Digite o texto à prova de falhas aqui</failsafeTextPlaceholder>
            <failsafeHypertext>Hipertexto:</failsafeHypertext>
            <failsafeHypertextDefault>Clique aqui para ver no navegador</failsafeHypertextDefault>
            <failsafeHypertextPlaceholder>Insira o hipertexto à prova de falhas aqui</failsafeHypertextPlaceholder>
        </iframe>
        <failsafeLocation>
            <upperLeft>Superior esquerdo</upperLeft>
            <lowerLeft>Inferior esquerdo</lowerLeft>
            <upperRight>Canto superior direito</upperRight>
            <lowerRight>Inferior direito</lowerRight>
        </failsafeLocation>
        <label>
            <!-- Change these values for every language - Begin -->
            <titleDefault>Pod iFrame</titleDefault>
            <!-- Change these values for every language - End -->
            <about>Sobre</about>
            <allowPresentersSettings>Permitir que os apresentadores configurem o Pod:</allowPresentersSettings>
            <checkForUpdateAvailableTooltip>Baixar atualização para {getPodName}</checkForUpdateAvailableTooltip>
            <checkForUpdateTooltip>Verifique a atualização para {getPodName}</checkForUpdateTooltip>
            <colorBackground>Cor de fundo:</colorBackground>
            <configure>Configurar</configure>
            <createdFor>Criado para &lt;i&gt;Adobe Connect&lt;/i&gt;</createdFor>
            <documentation>Documentação</documentation>
            <documentationTooltip>Ver Ajuda / Documentação</documentationTooltip>
            <feedback>Comentários</feedback>
            <feedbackTooltip>Enviar feedback para a Envolvemedia</feedbackTooltip>
            <forceLanguage>Definir para todos:</forceLanguage>
            <forceLanguageTooltip>Definir idioma para todos os participantes</forceLanguageTooltip>
            <language>Idioma:</language>
            <name>Nome</name>
            <notificationCompleted>Bem feito! &lt;br/&gt;{getPodName} foi completado</notificationCompleted>
            <notificationFailed>Você não concluiu corretamente {getPodName}.</notificationFailed>
            <notificationIncomplete>{getPodName} não está completo.</notificationIncomplete>
            <notificationNotStarted>{getPodName} não foi iniciado.</notificationNotStarted>
            <notificationPaused>{getPodName} foi pausado. &lt;br/&gt;Por favor, espere!</notificationPaused>
            <notificationStarted>{getPodName} foi iniciado.</notificationStarted>
            <notificationStopped>{getPodName} foi interrompido!</notificationStopped>
            <pod>Pod</pod>
            <releaseDate>Data de lançamento:</releaseDate>
            <results>Resultados</results>
            <status>Status</status>
            <title>Título do pod:</title>
            <updateAvailable>Atualização disponível</updateAvailable>
            <updateDate>Data de lançamento atualizada:</updateDate>
            <updateInstallInstructions>Instruções de instalação</updateInstallInstructions>
            <updateInstallInstructionsTooltip>Ver instruções de instalação</updateInstallInstructionsTooltip>
            <updateVersion>Versão atualizada:</updateVersion>
            <version>Versão:</version>
        </label>
        <status>
            <complete>Completo</complete>
            <completed>Concluído</completed>
            <failed>Fracassado</failed>
            <incomplete>Incompleto</incomplete>
            <inProgress>Em Andamento</inProgress>
            <passed>Passado</passed>
            <notStarted>Não Foi Iniciado</notStarted>
        </status>
        <button>
            <cancel>Cancelar</cancel>
            <cancelTooltip>Cancelar</cancelTooltip>
            <checkForUpdate>Verifique atualizações</checkForUpdate>
            <checkForUpdateAvailable>Baixar atualização</checkForUpdateAvailable>
            <checkForUpdateNone>Nenhuma atualização disponível</checkForUpdateNone>
            <clear>Limpar</clear>
            <clearTooltip>Limpar</clearTooltip>
            <help>Ajuda / Sobre</help>
            <helpTooltip>Ajuda / Sobre</helpTooltip>
            <ok>OK</ok>
            <okTooltip>OK</okTooltip>
            <pause>Pausar</pause>
            <pauseTooltip>Pausar {getPodName}</pauseTooltip>
            <play>Jogar</play>
            <playTooltip>Jogar {getPodName}</playTooltip>
            <print>Imprimir</print>
            <printTooltip>Imprimir</printTooltip>
            <quit>Deixar</quit>
            <quitTooltip>Fechar</quitTooltip>
            <refresh>Atualizar</refresh>
            <refreshTooltip>Atualizar Tabela</refreshTooltip>
            <reset>Redefinir</reset>
            <resetTooltip>Redefinir {getPodName}</resetTooltip>
            <restart>Reiniciar</restart>
            <restartTooltip>Reiniciar {getPodName}</restartTooltip>
            <results>Resultados</results>
            <resultsTooltip>Ver Resultados</resultsTooltip>
            <saveAsPdf>Salvar como PDF</saveAsPdf>
            <saveAsPdfTooltip>Salvar como PDF</saveAsPdfTooltip>
            <scores>Pontuação</scores>
            <scoresTooltip>Mostrar pontuações dos participantes</scoresTooltip>
            <settings>Configurações</settings>
            <settingsTooltip>Abrir Configurações</settingsTooltip>
            <stop>Parar</stop>
            <stopTooltip>Parar {getPodName}</stopTooltip>
        </button>
        <color>
            <cornsilk>Seda de milho|#FFF8DC</cornsilk>
            <darkBlue>Azul Escuro|#191970</darkBlue>
            <default>Padrão|</default>
            <gray>Cinza|#808080</gray>
            <seaGreen>Verde Mar|#8FBC8F</seaGreen>
            <white>Branco|#FFFFFF</white>
            <custom>Personalizado|custom</custom>
        </color>
    </pt-br>
</strings>
