<?xml version="1.0" encoding="utf-8" ?>
<breeze-manifest version="1.0" xmlns="http://breeze.macromedia.com/ns/breeze-manifest" generator="ZB">
	<document type="custom-pod" id="com.adobe.connect.reference" version="1.0.001" minimumConnectMobileVersion="2.4" minimumSDKversion="9.4.002" minimumConnectServerVersion="9.4.2"/>
	<assets>
		<asset type="document-view">
			<entry href="index.swf" href-swf="index.swf" href-html5="index_html5.htm"/>
			<file href="css"/>
			<file href="css/app.0409575a.css"/>
			<file href="css/chunk-vendors.cdfd499a.css"/>
			<file href="fonts"/>
			<file href="fonts/flUhRq6tzZclQEJ-Vdg-IuiaDsNa.29b882f0.woff"/>
			<file href="fonts/flUhRq6tzZclQEJ-Vdg-IuiaDsNcIhQ8tQ.0509ab09.woff2"/>
			<file href="img"/>
			<file href="img/back-arrow.95116a96.svg"/>
			<file href="img/ff-arrow.ab77fef6.svg"/>
			<file href="img/skip.08654563.svg"/>
			<file href="index.htm"/>
			<file href="index_html5.htm"/>
			<file href="index.swf"/>
			<file href="js"/>
			<file href="js/app.ebd04e18.js"/>
			<file href="js/app.ebd04e18.js.map"/>
			<file href="js/chunk-vendors.94ec985b.js"/>
			<file href="js/chunk-vendors.94ec985b.js.map"/>
			<file href="lib"/>
			<file href="lib/connect_CollaborationSDK.js"/>
			<file href="lib/connect_customPodSDK.min.js"/>
			<file href="lib/vconsole.min.js"/>
		</asset>
	</assets>
</breeze-manifest>