<?xml version='1.0' encoding='UTF-8'?>
<strings>
    <en name='English' displayName='English' default='true'>
        <error>
            <error>Error</error>
            <generic>An error occurred</generic>
            <unknown>An unknown error occurred</unknown>
            <noConnect>This has not been launched from Adobe Connect</noConnect>
        </error>
        <wordsearch>
            <collaborate>Participants collaborate:</collaborate>
            <collaborateTooltip>Word found by any participant is found for all participants</collaborateTooltip>
            <difficulty>Difficulty:</difficulty>
            <fontSize>Font Size:</fontSize>
            <foundBy>Found By</foundBy>
            <height>Height:</height>
            <letters>abcdefghijklmnopqrstuvwxyz</letters>
            <poster>,,,,,,,,,,,|,,,,,,,,,,,|,,,,,,,,,,,|,,,,,,,,,,,|,,,P,L,E,A,S,E,,,|,,,,,,,,,,,|,,,,,,,,,,,|,,,,W,A,I,T,,,,|,,,,,,,,,,,|,,,,,,,,,,,|,,,,,,,,,,,|,,,,,,,,,,,</poster>
            <posterWords>ENVOLVEMEDIA,EDUCATE,TRAINING,EXCELLENCE,QUALITY,EASY,VALUE,CONNECT,PAT,MARIANNA,ANDREW,EMILY,CRAIG,DAN,MARC,MITCHELL,ADOBE</posterWords>
            <posterHighlight>PLEASE,WAIT</posterHighlight>
            <width>Width:</width>
            <wordlist>Show wordlist to participants</wordlist>
            <wordlistTooltip>Display list of words to participants</wordlistTooltip>
            <wordlistHidden>Wordlist is hidden for participants</wordlistHidden>
            <word>Word</word>
            <words>Words:</words>
            <wordsDescription></wordsDescription>
            <wordsFound># of Words Found</wordsFound>
            <wordsList>Word List</wordsList>
            <wordsPlaceholder>Enter a comma-delimited list of words, or drag/drop CSV file here</wordsPlaceholder>
            <wordsTooltip>Enter words separated by a comma, semi-colon or space</wordsTooltip>
        </wordsearch>
        <difficulty>
            <levels>easy,normal,hard,challenging,custom</levels>
            <easy>Easy</easy>
            <easyMax>8</easyMax>
            <easyFontsize>9vmin</easyFontsize>
            <normal>Medium / Normal</normal>
            <normalMax>12</normalMax>
            <normalFontsize>6vmin</normalFontsize>
            <hard>Hard</hard>
            <hardMax>16</hardMax>
            <hardFontsize>5.5vmin</hardFontsize>
            <challenging>Challenging</challenging>
            <challengingMax>24</challengingMax>
            <challengingFontsize>2.6vmin</challengingFontsize>
            <custom>Custom</custom>
            <customMax>-1</customMax>
            <customFontsize>-1</customFontsize>
        </difficulty>
        <label>
            <!-- Change these values for every language - Begin -->
            <titleDefault>Word Search</titleDefault>
            <!-- Change these values for every language - End -->            
            <about>About</about>
            <allowPresentersSettings>Allow Presenters to configure pod:</allowPresentersSettings>
            <checkForUpdateAvailableTooltip>Download update for {getPodName}</checkForUpdateAvailableTooltip>
            <checkForUpdateTooltip>Check update for {getPodName}</checkForUpdateTooltip>
            <colorBackground>Background Color:</colorBackground>
            <configure>Configure</configure>
            <createdFor>Created for &lt;i&gt;Adobe Connect&lt;/i&gt;</createdFor>
            <documentation>Documentation</documentation>
            <documentationTooltip>View Help / Documentation</documentationTooltip>
            <feedback>Feedback</feedback>
            <feedbackTooltip>Send Feedback to Envolvemedia</feedbackTooltip>
            <forceLanguage>Set for all:</forceLanguage>
            <forceLanguageTooltip>Set the language for all attendees</forceLanguageTooltip>
            <language>Language:</language>
            <name>Name</name>
            <notificationCompleted>Well done! &lt;br/&gt;{getPodName} has been completed</notificationCompleted>
            <notificationFailed>You did not properly complete {getPodName}.</notificationFailed>
            <notificationIncomplete>{getPodName} is not complete.</notificationIncomplete>
            <notificationNotStarted>{getPodName} has not been started.</notificationNotStarted>
            <notificationPaused>{getPodName} has been paused. &lt;br/&gt;Please wait!</notificationPaused>
            <notificationStarted>{getPodName} has started.</notificationStarted>
            <notificationStopped>{getPodName} has been stopped!</notificationStopped>
            <pod>Pod</pod>
            <releaseDate>Release Date:</releaseDate>
            <results>Results</results>
            <status>Status</status>
            <title>Pod Title:</title>
            <updateAvailable>Update Available</updateAvailable>
            <updateDate>Updated Release Date:</updateDate>
            <updateInstallInstructions>Install Instructions</updateInstallInstructions>
            <updateInstallInstructionsTooltip>View Install Instructions</updateInstallInstructionsTooltip>
            <updateVersion>Updated Version:</updateVersion>
            <version>Version:</version>
        </label>
        <status>
            <complete>Complete</complete>
            <completed>Completed</completed>
            <failed>Failed</failed>
            <incomplete>Incomplete</incomplete>
            <inProgress>In Progress</inProgress>
            <passed>Passed</passed>
            <notStarted>Not Started</notStarted>
        </status>
        <button>
            <cancel>Cancel</cancel>
            <cancelTooltip>Cancel</cancelTooltip>
            <checkForUpdate>Check for update</checkForUpdate>
            <checkForUpdateAvailable>Download Update</checkForUpdateAvailable>
            <checkForUpdateNone>No update available</checkForUpdateNone>
            <clear>Clear</clear>
            <clearTooltip>Clear</clearTooltip>
            <close>Close</close>
            <closeTooltip>Close</closeTooltip>
            <help>Help</help>
            <helpTooltip>Help/About</helpTooltip>
            <ok>OK</ok>
            <okTooltip>OK</okTooltip>
            <pause>Pause</pause>
            <pauseTooltip>Pause {getPodName}</pauseTooltip>
            <play>Start/Play</play>
            <playTooltip>Start/Play {getPodName}</playTooltip>
            <print>Print</print>
            <printTooltip>Print</printTooltip>
            <quit>Quit</quit>
            <quitTooltip>Close</quitTooltip>
            <refresh>Refresh</refresh>
            <refreshTooltip>Refresh Table</refreshTooltip>
            <reset>Reset</reset>
            <resetTooltip>Reset {getPodName}</resetTooltip>
            <restart>Restart</restart>
            <restartTooltip>Restart {getPodName}</restartTooltip>
            <results>Results</results>
            <resultsTooltip>Show Results</resultsTooltip>
            <saveAsPdf>Save as PDF</saveAsPdf>
            <saveAsPdfTooltip>Save as PDF</saveAsPdfTooltip>
            <scores>Scores</scores>
            <scoresTooltip>Show Scores</scoresTooltip>
        </button>
        <color>
            <cornsilk>Cornsilk|#FFF8DC</cornsilk>
            <darkBlue>Dark Blue|#191970</darkBlue>
            <default>Default|</default>
            <gray>Gray|#808080</gray>
            <seaGreen>Sea Green|#8FBC8F</seaGreen>
            <white>White|#FFFFFF</white>
            <custom>Custom|custom</custom>
        </color>
    </en>
    <de name='German' displayName='Deutsch'>
        <error>
            <error>Fehler</error>
            <generic>Ein Fehler ist aufgetreten</generic>
            <unknown>Ein unbekannter Fehler ist aufgetreten</unknown>
            <noConnect>Dies wurde nicht von Adobe Connect gestartet</noConnect>
        </error>
        <wordsearch>
            <collaborate>Die Teilnehmer arbeiten zusammen:</collaborate>
            <collaborateTooltip>Das von einem beliebigen Teilnehmer gefundene Wort wird für alle Teilnehmer gefunden</collaborateTooltip>
            <difficulty>Schwierigkeit:</difficulty>
            <fontSize>Schriftgröße:</fontSize>
            <foundBy>Gefunden von</foundBy>
            <height>Höhe:</height>
            <letters>abcdefghijklmnopqrstuvwxyzäöüẞ</letters>
            <poster>,,,,,,,,,,,,|,,,,,,,,,,,,|,,,,,,,,,,,,|,,,,,,,,,,,,|,,,W,A,R,T,E,N,,,,|,,,,,,,,,,,,|,,,,,,,,,,,,|,,S,I,E,,,M,A,L,,,|,,,,,,,,,,,,|,,,,,,,,,,,,|,,,,,,,,,,,,|,,,,,,,,,,,,</poster>
            <posterWords>ENVOLVEMEDIA,QUALITÄT,ERZIEHE,EXZELLENZ,EINFACH,ADOBE,MITCHELL,DAN,ANDREAS,EMILY,MARIANNA,PAT,CRAIG,MARC</posterWords>
            <posterHighlight>WARTEN,SIE,MAL</posterHighlight>
            <width>Breite:</width>
            <wordlist>Wortliste den Teilnehmern zeigen</wordlist>
            <wordlistTooltip>Zeigen Sie den Teilnehmern eine Liste mit Wörtern an</wordlistTooltip>
            <wordlistHidden>Die Wortliste ist für die Teilnehmer ausgeblendet</wordlistHidden>
            <word>Wort</word>
            <words>Wörter:</words>
            <wordsDescription></wordsDescription>
            <wordsFound>Anzahl der gefundenen Wörter</wordsFound>
            <wordsList>Wortliste</wordsList>
            <wordsPlaceholder>Geben Sie eine begrenzte Liste von Wörtern ein oder ziehen Sie eine CSV-Datei hierher</wordsPlaceholder>
            <wordsTooltip>Geben Sie Wörter durch ein Komma, Semikolon oder Leerzeichen getrennt ein</wordsTooltip>
        </wordsearch>
        <difficulty>
            <levels>easy,normal,hard,challenging,custom</levels>
            <easy>Einfach</easy>
            <easyMax>8</easyMax>
            <easyFontsize>9vmin</easyFontsize>
            <normal>Mittel / Normal</normal>
            <normalMax>12</normalMax>
            <normalFontsize>6vmin</normalFontsize>
            <hard>Schwer</hard>
            <hardMax>16</hardMax>
            <hardFontsize>5.5vmin</hardFontsize>
            <challenging>Herausfordernd</challenging>
            <challengingMax>24</challengingMax>
            <challengingFontsize>2.6vmin</challengingFontsize>
            <custom>Benutzerdefiniert</custom>
            <customMax>-1</customMax>
            <customFontsize>-1</customFontsize>
        </difficulty>
        <label>
            <!-- Change these values for every language - Begin -->
            <titleDefault>Wortsuche</titleDefault>
            <!-- Change these values for every language - End --> 
            <about>Über</about>
            <allowPresentersSettings>Moderatoren erlauben, Pod zu konfigurieren:</allowPresentersSettings>
            <checkForUpdateAvailableTooltip>Update herunterladen für {getPodName}</checkForUpdateAvailableTooltip>
            <checkForUpdateTooltip>Überprüfen Sie das Update auf {getPodName}</checkForUpdateTooltip>
            <colorBackground>Hintergrundfarbe:</colorBackground>
            <configure>Konfigurieren</configure>
            <createdFor>Erstellt für &lt;i&gt;Adobe Connect&lt;/i&gt;</createdFor>
            <documentation>Dokumentation</documentation>
            <documentationTooltip>Hilfe / Dokumentation Anzeigen</documentationTooltip>
            <feedback>Feedback</feedback>
            <feedbackTooltip>Senden Sie Feedback an Envolvemedia</feedbackTooltip>
            <forceLanguage>Für alle eingestellt:</forceLanguage>
            <forceLanguageTooltip>Legen Sie die Sprache für alle Teilnehmer fest</forceLanguageTooltip>
            <language>Sprache:</language>
            <name>Name</name>
            <notificationCompleted>Gut erledigt! &lt;br/&gt;{getPodName} wurde vervollständigt</notificationCompleted>
            <notificationFailed>Sie haben nicht richtig abgeschlossen {getPodName}.</notificationFailed>
            <notificationIncomplete>{getPodName} ist nicht vollständig.</notificationIncomplete>
            <notificationNotStarted>{getPodName} wurde nicht gestartet.</notificationNotStarted>
            <notificationPaused>{getPodName} wurde pausiert. &lt;br/&gt;Bitte warten!</notificationPaused>
            <notificationStarted>{getPodName} wurde gestartet.</notificationStarted>
            <notificationStopped>{getPodName} wurde gestoppt!</notificationStopped>
            <pod>Pod</pod>
            <releaseDate>Veröffentlichungsdatum:</releaseDate>
            <results>Ergebnisse</results>
            <status>Status</status>
            <title>Pod-Titel:</title>
            <updateAvailable>Update verfügbar</updateAvailable>
            <updateDate>Veröffentlichungsdatum aktualisiert:</updateDate>
            <updateInstallInstructions>Installationsanweisungen</updateInstallInstructions>
            <updateInstallInstructionsTooltip>Installationsanweisungen anzeigen</updateInstallInstructionsTooltip>
            <updateVersion>Aktualisierte Version:</updateVersion>
            <version>Version:</version>
        </label>
        <status>
            <complete>Vollständig</complete>
            <completed>Abgeschlossen</completed>
            <failed>Gescheitert</failed>
            <incomplete>Unvollständig</incomplete>
            <inProgress>In Bearbeitung</inProgress>
            <passed>Bestanden</passed>
            <notStarted>Nicht Gestartet</notStarted>
        </status>
        <button>
            <cancel>Abbrechen</cancel>
            <cancelTooltip>Abbrechen</cancelTooltip>
            <checkForUpdate>Überprüfe auf Updates</checkForUpdate>
            <checkForUpdateAvailable>Aktualisierung herunterladen</checkForUpdateAvailable>
            <checkForUpdateNone>Keine Aktualisierung verfügbar</checkForUpdateNone>
            <clear>Abräumen</clear>
            <clearTooltip>Abräumen</clearTooltip>
            <help>Hilfe</help>
            <helpTooltip>Über/Hilfe</helpTooltip>
            <ok>OK</ok>
            <okTooltip>OK</okTooltip>
            <pause>Pause</pause>
            <pauseTooltip>Pause {getPodName}</pauseTooltip>
            <play>Starten/Spielen</play>
            <playTooltip>Starten/Spielen {getPodName}</playTooltip>
            <print>Drucken</print>
            <printTooltip>Drucken</printTooltip>
            <quit>Beenden</quit>
            <quitTooltip>Beenden</quitTooltip>
            <refresh>Aktualisieren</refresh>
            <refreshTooltip>Tabelle Aktualisieren</refreshTooltip>
            <reset>Zurücksetzen</reset>
            <resetTooltip>{getPodName} Zurücksetzen</resetTooltip>
            <restart>Neustart</restart>
            <restartTooltip>Starte {getPodName}</restartTooltip>
            <results>Ergebnisse</results>
            <resultsTooltip>Zeige Ergebnisse</resultsTooltip>
            <saveAsPdf>Als PDF speichern</saveAsPdf>
            <saveAsPdfTooltip>Als PDF speichern</saveAsPdfTooltip>
            <scores>Ergebnisse</scores>
            <scoresTooltip>Ergebnisse anzeigen</scoresTooltip>
            <settings>Einstellungen</settings>
            <settingsTooltip>Einstellungen öffnen</settingsTooltip>
            <stop>Stopp</stop>
            <stopTooltip>Stopp {getPodName}</stopTooltip>
        </button>
        <color>
            <cornsilk>Cornsilk|#FFF8DC</cornsilk>
            <darkBlue>Dunkelblau|#191970</darkBlue>
            <default>Standard|</default>
            <gray>Grau|#808080</gray>
            <seaGreen>Meergrün|#8FBC8F</seaGreen>
            <white>Weiß|#FFFFFF</white>
            <custom>Benutzerdefiniert|custom</custom>
        </color>
    </de>
    <fr name='French' displayName='Français'>
        <error>
            <error>Erreur</error>
            <generic>Une erreur s'est produite</generic>
            <unknown>Une erreur inconnue s'est produite</unknown>
            <noConnect>Ceci n'a pas été lancé depuis Adobe Connect</noConnect>
        </error>
        <wordsearch>
            <collaborate>Les participants collaborent:</collaborate>
            <collaborateTooltip>Le mot trouvé par n'importe quel participant est trouvé pour tous les participants</collaborateTooltip>
            <difficulty>Difficulté:</difficulty>
            <fontSize>Taille de police:</fontSize>
            <foundBy>Trouvé par</foundBy>
            <height>Hauteur:</height>
            <letters>abcdefghijklmnopqrstuvwxyzéàèùâêîôûçëïü</letters>
            <poster>,,,,,,,,,,,,|,,,,,,,,,,,,|,,,,,,,,,,,,|,,,,,,,,,,,,|,,,,,,,,,,,,|,,S,I,L,,V,O,U,S,,,|,,,P,L,A,î,T,,,,,|,,A,T,T,E,N,D,E,Z,,,|,,,,,,,,,,,,|,,,,,,,,,,,,|,,,,,,,,,,,,|,,,,,,,,,,,,</poster>
            <posterWords>ENVOLVEMEDIA,EXCELLENCE,ÉDUQUER,EXCELLENCE,QUALITÉ,FACILE,PAT,MARIANNE,ANDRÉ,EMILY,CRAIG,DAN,MARC,MITCHELL,ADOBE</posterWords>
            <posterHighlight>SIL,VOUS,PLAÎT,ATTENDEZ</posterHighlight>
            <width>Largeur:</width>
            <wordlist>Afficher la liste de mots aux participants</wordlist>
            <wordlistTooltip>Afficher la liste des mots aux participants</wordlistTooltip>
            <wordlistHidden>La liste de mots est masquée pour les participants</wordlistHidden>
            <word>Mot</word>
            <words>Mots:</words>
            <wordsDescription></wordsDescription>
            <wordsFound># de Mots Trouvés</wordsFound>
            <wordsList>Liste de Mots</wordsList>
            <wordsPlaceholder>Entrez une liste délimitée de mots, ou glissez/déposez le fichier CSV ici</wordsPlaceholder>
            <wordsTooltip>Entrez des mots séparés par une virgule, un point-virgule ou un espace</wordsTooltip>
        </wordsearch>
        <difficulty>
            <levels>easy,normal,hard,challenging,custom</levels>
            <easy>Facile</easy>
            <easyMax>8</easyMax>
            <easyFontsize>9vmin</easyFontsize>
            <normal>Moyen / Normal</normal>
            <normalMax>12</normalMax>
            <normalFontsize>6vmin</normalFontsize>
            <hard>Dur</hard>
            <hardMax>16</hardMax>
            <hardFontsize>5.5vmin</hardFontsize>
            <challenging>Très dur</challenging>
            <challengingMax>24</challengingMax>
            <challengingFontsize>2.6vmin</challengingFontsize>
            <custom>Personnalisé</custom>
            <customMax>-1</customMax>
            <customFontsize>-1</customFontsize>
        </difficulty>
        <label>
            <!-- Change these values for every language - Begin -->
            <titleDefault>Recherche de mot</titleDefault>
            <!-- Change these values for every language - End -->
            <about>À propos du</about>
            <allowPresentersSettings>Autoriser les présentateurs à configurer le Pod:</allowPresentersSettings>
            <checkForUpdateAvailableTooltip>Télécharger la mise à jour pour {getPodName}</checkForUpdateAvailableTooltip>
            <checkForUpdateTooltip>Vérifier la mise à jour pour {getPodName}</checkForUpdateTooltip>
            <colorBackground>Couleur d'arrière-plan:</colorBackground>
            <configure>Configurer</configure>
            <createdFor>Créé pour &lt;i&gt;Adobe Connect&lt;/i&gt;</createdFor>
            <documentation>Documentation</documentation>
            <documentationTooltip>Afficher l'aide/la documentation</documentationTooltip>
            <feedback>Retour d'information</feedback>
            <feedbackTooltip>Envoyer des commentaires à Envolvemedia</feedbackTooltip>
            <forceLanguage>Ensemble pour tous:</forceLanguage>
            <forceLanguageTooltip>Définir la langue pour tous les participants</forceLanguageTooltip>
            <language>Langue:</language>
            <name>Nom</name>
            <notificationCompleted>Bien fait! &lt;br/&gt;{getPodName} a été complété</notificationCompleted>
            <notificationFailed>Vous n'avez pas bien rempli {getPodName}.</notificationFailed>
            <notificationIncomplete>{getPodName} n'est pas complet.</notificationIncomplete>
            <notificationNotStarted>{getPodName} n'a pas été démarré.</notificationNotStarted>
            <notificationPaused>{getPodName} a été mis en pause. &lt;br/&gt;S'il vous plaît, attendez!</notificationPaused>
            <notificationStarted>{getPodName} a démarré.</notificationStarted>
            <notificationStopped>{getPodName} a été arrêté!</notificationStopped>
            <pod>Conteneur</pod>
            <releaseDate>Date de sortie:</releaseDate>
            <results>Résultats</results>
            <status>Statut</status>
            <title>Titre du module:</title>
            <updateAvailable>Mise à jour disponible</updateAvailable>
            <updateDate>Date de sortie mise à jour:</updateDate>
            <updateInstallInstructions>Instructions d'installation</updateInstallInstructions>
            <updateInstallInstructionsTooltip>Afficher les instructions d'installation</updateInstallInstructionsTooltip>
            <updateVersion>Version mise à jour:</updateVersion>
            <version>Version:</version>
        </label>
        <status>
            <complete>Complet</complete>
            <completed>Terminé</completed>
            <failed>Manqué</failed>
            <incomplete>Incomplet</incomplete>
            <inProgress>En Cours</inProgress>
            <passed>Passé</passed>
            <notStarted>Non Démarré</notStarted>
        </status>
        <button>
            <cancel>Annuler</cancel>
            <cancelTooltip>Annuler</cancelTooltip>
            <checkForUpdate>Vérifier la mise à jour</checkForUpdate>
            <checkForUpdateAvailable>Télécharger la mise à jour</checkForUpdateAvailable>
            <checkForUpdateNone>Pas de mise a jour disponible</checkForUpdateNone>
            <clear>Effacer</clear>
            <clearTooltip>Réinitialisation</clearTooltip>
            <help>À Propos / Aide</help>
            <helpTooltip>À Propos / Aide</helpTooltip>
            <ok>OK</ok>
            <okTooltip>OK</okTooltip>
            <pause>Pause</pause>
            <pauseTooltip>Suspendre {getPodName}</pauseTooltip>
            <play>Démarrer/Jouer</play>
            <playTooltip>Démarrer/Jouer {getPodName}</playTooltip>
            <print>Imprimer</print>
            <printTooltip>Imprimer</printTooltip>
            <quit>Quitter</quit>
            <quitTooltip>Fermer</quitTooltip>
            <refresh>Réactualiser</refresh>
            <refreshTooltip>Tableau de mise à jour</refreshTooltip>
            <reset>Réinitialiser</reset>
            <resetTooltip>Réinitialiser {getPodName}</resetTooltip>
            <restart>Redémarrer</restart>
            <restartTooltip>Redémarrer {getPodName}</restartTooltip>
            <results>Résultats</results>
            <resultsTooltip>Montrer les Résultats</resultsTooltip>
            <saveAsPdf>Enregistrer au format PDF</saveAsPdf>
            <saveAsPdfTooltip>Enregistrer au format PDF</saveAsPdfTooltip>
            <scores>Les scores</scores>
            <scoresTooltip>Afficher les scores des participants</scoresTooltip>
            <settings>Paramètres</settings>
            <settingsTooltip>Ouvrir les Paramètres</settingsTooltip>
            <stop>Arrêter</stop>
            <stopTooltip>Arrêter {getPodName}</stopTooltip>
        </button>
        <color>
            <cornsilk>Cornsilk|#FFF8DC</cornsilk>
            <darkBlue>Bleu Foncé|#191970</darkBlue>
            <default>Par Défaut|</default>
            <gray>Gris|#808080</gray>
            <seaGreen>Vert Marin|#8FBC8F</seaGreen>
            <white>Blanc|#FFFFFF</white>
            <custom>Personnalisé|custom</custom>
        </color>
    </fr>
    <es name='Spanish' displayName='Español'>
        <error>
            <error>Error</error>
            <generic>Ocurrió un error</generic>
            <unknown>Ocurrió un error desconocido</unknown>
            <noConnect>Esto no se ha iniciado desde Adobe Connect</noConnect>
        </error>
        <wordsearch>
            <collaborate>Los participantes colaboran:</collaborate>
            <collaborateTooltip>La palabra encontrada por cualquier participante se encuentra para todos los participantes</collaborateTooltip>
            <difficulty>Dificultad:</difficulty>
            <fontSize>Tamaño de fuente:</fontSize>
            <foundBy>Encontrado por</foundBy>
            <height>Altura:</height>
            <letters>abcdefghijklmnopqrstuvwxyzñáéíóúü</letters>
            <poster>,,,,,,,,,,,|,,,,,,,,,,,|,,,,,,,,,,,|,,,,,,,,,,,|,,,E,S,P,E,R,E,,,|,,,,,,,,,,,|,P,O,R,,,F,A,V,O,R,|,,,,,,,,,,,|,,,,,,,,,,,|,,,,,,,,,,,|,,,,,,,,,,,|,,,,,,,,,,,</poster>
            <posterWords>ENVOLVEMEDIA,EDUCAR,EXCELENCIA,CALIDAD,VALOR,PAT,MARIANA,ANDRÉS,EMILY,CRAIG,DAN,MARC,MITCHELL,ADOBE</posterWords>
            <posterHighlight>ESPERE,POR,FAVOR</posterHighlight>
            <width>Ancho:</width>
            <wordlist>Mostrar lista de palabras a los participantes</wordlist>
            <wordlistTooltip>Mostrar lista de palabras a los participantes</wordlistTooltip>
            <wordlistHidden>La lista de palabras está oculta para los participantes</wordlistHidden>
            <word>Palabra</word>
            <words>Palabras:</words>
            <wordsDescription></wordsDescription>
            <wordsFound># de Palabras Encontradas</wordsFound>
            <wordsList>Lista de Palabras</wordsList>
            <wordsPlaceholder>Ingrese una lista delimitada de palabras o arrastre y suelte el archivo CSV aquí</wordsPlaceholder>
            <wordsTooltip>Introduzca palabras separadas por coma, punto y coma o espacio</wordsTooltip>
        </wordsearch>
        <difficulty>
            <levels>easy,normal,hard,challenging,custom</levels>
            <easy>Fácil</easy>
            <easyMax>8</easyMax>
            <easyFontsize>9vmin</easyFontsize>
            <normal>Medio / Normal</normal>
            <normalMax>12</normalMax>
            <normalFontsize>6vmin</normalFontsize>
            <hard>Duro</hard>
            <hardMax>16</hardMax>
            <hardFontsize>5.5vmin</hardFontsize>
            <challenging>Desafiante</challenging>
            <challengingMax>24</challengingMax>
            <challengingFontsize>2.6vmin</challengingFontsize>
            <custom>Personalizado</custom>
            <customMax>-1</customMax>
            <customFontsize>-1</customFontsize>
        </difficulty>
        <label>
            <!-- Change these values for every language - Begin -->
            <titleDefault>Búsqueda de palabras</titleDefault>
            <!-- Change these values for every language - End -->
            <about>Sobre</about>
            <allowPresentersSettings>Permitir que los presentadores configuren Pod:</allowPresentersSettings>
            <checkForUpdateAvailableTooltip>Descargar actualización para {getPodName}</checkForUpdateAvailableTooltip>
            <checkForUpdateTooltip>Verifique la actualización para {getPodName}</checkForUpdateTooltip>
            <colorBackground>Color de Fondo:</colorBackground>
            <configure>Configurar</configure>
            <createdFor>Creado para &lt;i&gt;Adobe Connect&lt;/i&gt;</createdFor>
            <documentation>Documentación</documentation>
            <documentationTooltip>Ver Ayuda / Documentación</documentationTooltip>
            <feedback>Comentarios</feedback>
            <feedbackTooltip>Enviar comentarios a Envolvemedia</feedbackTooltip>
            <forceLanguage>Listo para todos:</forceLanguage>
            <forceLanguageTooltip>Establecer idioma para todos los asistentes</forceLanguageTooltip>
            <language>Idioma:</language>
            <name>Nombre</name>
            <notificationCompleted>¡Bien hecho! &lt;br/&gt;{getPodName} se ha completado</notificationCompleted>
            <notificationFailed>No completaste correctamente {getPodName}.</notificationFailed>
            <notificationIncomplete>{getPodName} no esta completo.</notificationIncomplete>
            <notificationNotStarted>{getPodName} no se ha iniciado.</notificationNotStarted>
            <notificationPaused>{getPodName} ha sido pausado. &lt;br/&gt;¡Espere por favor!</notificationPaused>
            <notificationStarted>{getPodName} ha comenzado.</notificationStarted>
            <notificationStopped>{getPodName} ha sido detenido!</notificationStopped>
            <pod>Pod</pod>
            <releaseDate>Fecha de Lanzamiento:</releaseDate>
            <results>Resultados</results>
            <status>Estado</status>
            <title>Título de la cápsula:</title>
            <updateAvailable>Actualización disponible</updateAvailable>
            <updateDate>Fecha de lanzamiento actualizada:</updateDate>
            <updateInstallInstructions>Instrucciones de instalación</updateInstallInstructions>
            <updateInstallInstructionsTooltip>Ver instrucciones de instalación</updateInstallInstructionsTooltip>
            <updateVersion>Versión actualizada:</updateVersion>
            <version>Versión:</version>
        </label>
        <status>
            <complete>Completo</complete>
            <completed>Terminado</completed>
            <failed>Fallido</failed>
            <incomplete>Incompleto</incomplete>
            <inProgress>En progreso</inProgress>
            <passed>Pasó</passed>
            <notStarted>No iniciado</notStarted>
        </status>
        <button>
            <cancel>Cancelar</cancel>
            <cancelTooltip>Cancelar</cancelTooltip>
            <checkForUpdate>Buscar actualizaciones</checkForUpdate>
            <checkForUpdateAvailable>Descarga de la actualización</checkForUpdateAvailable>
            <checkForUpdateNone>Actualización no disponible</checkForUpdateNone>
            <clear>Limpiar</clear>
            <clearTooltip>Limpiar</clearTooltip>
            <help>Ayuda / Acerca de</help>
            <helpTooltip>Ayuda / Acerca de</helpTooltip>
            <ok>OK</ok>
            <okTooltip>Aceptar</okTooltip>
            <pause>Pausa</pause>
            <pauseTooltip>Pausar {getPodName}</pauseTooltip>
            <play>Iniciar/Reproducir</play>
            <playTooltip>Iniciar/Reproducir {getPodName}</playTooltip>
            <print>Imprimir</print>
            <printTooltip>Imprimir</printTooltip>
            <quit>Salir</quit>
            <quitTooltip>Cerrar</quitTooltip>
            <refresh>Actualizar</refresh>
            <refreshTooltip>Actualizar Tabla</refreshTooltip>
            <reset>Reiniciar</reset>
            <resetTooltip>Restablecer {getPodName}</resetTooltip>
            <restart>Reiniciar</restart>
            <restartTooltip>Reiniciar {getPodName}</restartTooltip>
            <results>Resultados</results>
            <resultsTooltip>Ver resultados</resultsTooltip>
            <saveAsPdf>Guardar como PDF</saveAsPdf>
            <saveAsPdfTooltip>Guardar como PDF</saveAsPdfTooltip>
            <scores>Puntuación</scores>
            <scoresTooltip>Mostrar puntajes de los asistentes</scoresTooltip>
            <settings>Configuracións</settings>
            <settingsTooltip>Configuración Abierta</settingsTooltip>
            <stop>Detener</stop>
            <stopTooltip>Detener {getPodName}</stopTooltip>
        </button>
        <color>
            <cornsilk>Cornsilk|#FFF8DC</cornsilk>
            <darkBlue>Azul Oscuro|#191970</darkBlue>
            <default>Predeterminado|</default>
            <gray>Gris|#808080</gray>
            <seaGreen>Verde Mar|#8FBC8F</seaGreen>
            <white>Blanco|#FFFFFF</white>
            <custom>Personalizado|custom</custom>
        </color>
    </es>
    <ja name='Japanese' displayName='日本語'>
        <error>
            <error>エラー</error>
            <generic>エラーが発生しました</generic>
            <unknown>不明なエラーが発生しました</unknown>
            <noConnect>これはAdobeConnectから起動されていません</noConnect>
        </error>
        <wordsearch>
            <collaborate>参加者のコラボレーション:</collaborate>
            <collaborateTooltip>任意の参加者が見つけた単語は、すべての参加者に見つかります</collaborateTooltip>
            <difficulty>困難:</difficulty>
            <fontSize>フォントサイズ:</fontSize>
            <foundBy>発見者</foundBy>
            <height>身長:</height>
            <letters>アカサタナイキシチニウクスツヌエケセテネオコソトノハマヤラワヒミリヰフムユルンヘメレヱホモヨロヲガザダバパギジヂビピグズヅブプゲゼデベペゴゾドボポ</letters>
            <poster>,,,,,,,,,,,|,,,,,,,,,,,|,,,,,,,,,,,|,,,,,,,,,,,|,,,,お,待,ち,く,,,,|,,,,,,,,,,,|,,,,,,,,,,,|,,,,だ,さ,い,,,,,|,,,,,,,,,,,|,,,,,,,,,,,|,,,,,,,,,,,|,,,,,,,,,,,</poster>
            <posterWords>アドビコネクト,教育する,優秀,品質,アンドリュー,マリアンナ,パット,ミッチェル,エミリー,ダン,クレイグ,マーク</posterWords>
            <posterHighlight>お待ちく,ださい</posterHighlight>
            <width>幅:</width>
            <wordlist>単語リストを参加者に表示する</wordlist>
            <wordlistTooltip>単語リストを参加者に表示</wordlistTooltip>
            <wordlistHidden>単語リストは参加者に対して非表示です</wordlistHidden>
            <word>語</word>
            <words>言葉:</words>
            <wordsDescription></wordsDescription>
            <wordsFound>見つかった単語数</wordsFound>
            <wordsList>単語リスト</wordsList>
            <wordsPlaceholder>区切られた単語のリストを入力するか、ここに CSV ファイルをドラッグ アンド ドロップします</wordsPlaceholder>
            <wordsTooltip>コンマ、セミコロン、またはスペースで区切って単語を入力してください</wordsTooltip>
        </wordsearch>
        <difficulty>
            <levels>easy,normal,hard,challenging,custom</levels>
            <easy>簡単</easy>
            <easyMax>8</easyMax>
            <easyFontsize>9vmin</easyFontsize>
            <normal>ミディアム / ノーマル</normal>
            <normalMax>12</normalMax>
            <normalFontsize>6vmin</normalFontsize>
            <hard>難しい</hard>
            <hardMax>16</hardMax>
            <hardFontsize>5.5vmin</hardFontsize>
            <challenging>挑戦</challenging>
            <challengingMax>24</challengingMax>
            <challengingFontsize>2.6vmin</challengingFontsize>
            <custom>カスタム</custom>
            <customMax>-1</customMax>
            <customFontsize>-1</customFontsize>
        </difficulty>
        <label>
            <!-- Change these values for every language - Begin -->
            <titleDefault>単語検索</titleDefault>
            <!-- Change these values for every language - End -->
            <about>について</about>
            <allowPresentersSettings>プレゼンターがポッドを構成できるようにする:</allowPresentersSettings>
            <checkForUpdateAvailableTooltip>のアップデートをダウンロード {getPodName}</checkForUpdateAvailableTooltip>
            <checkForUpdateTooltip>アップデートを確認 {getPodName}</checkForUpdateTooltip>
            <colorBackground>背景色:</colorBackground>
            <configure>設定</configure>
            <createdFor>のために作成されました &lt;i&gt;Adobe Connect&lt;/i&gt;</createdFor>
            <documentation>ドキュメンテーション</documentation>
            <documentationTooltip>ヘルプ/ドキュメントの表示</documentationTooltip>
            <feedback>フィードバック</feedback>
            <feedbackTooltip>Envolvemediaにフィードバックを送信する</feedbackTooltip>
            <forceLanguage>全員に設定:</forceLanguage>
            <forceLanguageTooltip>すべての出席者の言語を設定する</forceLanguageTooltip>
            <language>言語:</language>
            <name>名前</name>
            <notificationCompleted>素晴らしい！ &lt;br/&gt;{getPodName} 完了しました</notificationCompleted>
            <notificationFailed>を正しく完了できませんでした {getPodName}。</notificationFailed>
            <notificationIncomplete>{getPodName} は完了していません。</notificationIncomplete>
            <notificationNotStarted>{getPodName} は開始されていません。</notificationNotStarted>
            <notificationPaused>{getPodName} 一時停止されました。&lt;br/&gt;お待ちください！</notificationPaused>
            <notificationStarted>{getPodName} が開始されました。</notificationStarted>
            <notificationStopped>{getPodName} が停止されました!</notificationStopped>
            <pod>ポッド</pod>
            <releaseDate>リリース日:</releaseDate>
            <results>結果</results>
            <status>状態</status>
            <title>ポッドのタイトル:</title>
            <updateAvailable>利用可能なアップデート</updateAvailable>
            <updateDate>更新されたリリース日:</updateDate>
            <updateInstallInstructions>インストール手順</updateInstallInstructions>
            <updateInstallInstructionsTooltip>インストール手順を表示</updateInstallInstructionsTooltip>
            <updateVersion>更新版:</updateVersion>
            <version>バージョン:</version>
        </label>
        <status>
            <complete>仕上げる</complete>
            <completed>完了</completed>
            <failed>失敗した</failed>
            <incomplete>不完全な</incomplete>
            <inProgress>進行中</inProgress>
            <passed>合格した</passed>
            <notStarted>始まっていない</notStarted>
        </status>
        <button>
            <cancel>キャンセル</cancel>
            <cancelTooltip>閉じる</cancelTooltip>
            <checkForUpdate>更新を確認</checkForUpdate>
            <checkForUpdateAvailable>アップデートをダウンロード</checkForUpdateAvailable>
            <checkForUpdateNone>アップデートはありません</checkForUpdateNone>
            <clear>クリア</clear>
            <clearTooltip>クリア</clearTooltip>
            <help>について/ヘルプ</help>
            <helpTooltip>について/ヘルプ</helpTooltip>
            <ok>OK</ok>
            <okTooltip>OK</okTooltip>
            <pause>暂停</pause>
            <pauseTooltip>暂停 {getPodName}</pauseTooltip>
            <play>開始/再生</play>
            <playTooltip>開始/再生 {getPodName}</playTooltip>
            <print>印刷</print>
            <printTooltip>印刷</printTooltip>
            <quit>終了</quit>
            <quitTooltip>証明書を閉じる</quitTooltip>
            <refresh>リフレッシュ</refresh>
            <refreshTooltip>リフレッシュ</refreshTooltip>
            <reset>リセット</reset>
            <resetTooltip>リセット {getPodName}</resetTooltip>
            <restart>再起動</restart>
            <restartTooltip>再起動 {getPodName}</restartTooltip>
            <results>結果</results>
            <resultsTooltip>結果を見る</resultsTooltip>
            <saveAsPdf>PDFとして保存</saveAsPdf>
            <saveAsPdfTooltip>証明書をPDFとして保存</saveAsPdfTooltip>
            <scores>スコア</scores>
            <scoresTooltip>出席者のスコアを表示</scoresTooltip>
            <settings>設定</settings>
            <settingsTooltip>設定を開く</settingsTooltip>
            <stop>停止</stop>
            <stopTooltip>停止 {getPodName}</stopTooltip>
        </button>
        <color>
            <cornsilk>トウモロコシの毛|#FFF8DC</cornsilk>
            <darkBlue>ダークブルー|#191970</darkBlue>
            <default>デフォルト|</default>
            <gray>グレー|#808080</gray>
            <seaGreen>シーグリーン|#8FBC8F</seaGreen>
            <white>白|#FFFFFF</white>
            <custom>カスタム|custom</custom>
        </color>
    </ja>
    <ko name='Korean' displayName='한국어'>
        <error>
            <error>오류</error>
            <generic>오류가 발생했습니다</generic>
            <unknown>알 수 없는 오류가 발생했습니다</unknown>
            <noConnect>このコンテンツはAdobe Connectから起動されていません</noConnect>
        </error>
        <wordsearch>
            <collaborate>참가자들이 협업:</collaborate>
            <collaborateTooltip>모든 참가자가 찾은 단어는 모든 참가자에 대해 검색됩니다</collaborateTooltip>
            <difficulty>어려움:</difficulty>
            <fontSize>글꼴 크기:</fontSize>
            <foundBy>찾은 사람</foundBy>
            <height>키:</height>
            <letters>ㄱㄴㄷㄹㅁㅂㅅㅇㅈㅊㅋㅌㅍㅎㅏㅓㅗㅜㅡㅣㅑㅕㅛㅠㄲㄸㅃㅆㅉㄳㄵㄶㄺㄻㄼㄽㄾㄿㅀㅄㅐㅒㅔㅖㅢㅘㅙㅚㅝㅞㅟ</letters>
            <posterOld>품,,앤,드,류,,엔,볼,브,미,디,어|질,,,,,,,,,,,도|,,,,,기,,,,,,비|훈,련,,,,르,,아,,에,,커|,,,,기,다,리,,아,밀,,넥|,,,,,,,,,리,,트|,단,,,그,,,,,,마,|,,,이,세,요,,,,,,|,,레,,,,,,,,,|마,크,,,,팻,,,미,,,|,,,,,,,,,첼,,|우,수,,,,,,,,,,</posterOld>
            <poster>,,,,,,,,,,,,|,,,,,,,,,,,,|,,,,,,,,,,,,|,,,,,,,,,,,,|,,,,,기,다,리,,,,,|,,,,,,,,,,,,|,,,,,,,,,,,,|,,,,,세,요,,,,,,|,,,,,,,,,,,,|,,,,,,,,,,,,|,,,,,,,,,,,,|,,,,,,,,,,,,</poster>
            <posterWords>엔볼브미디어,어도비 커넥트,품질,우수,기르다,훈련,앤드류,마리아아,팻,미첼,에밀리,단,크레이그,마크</posterWords>
            <posterHighlight>세요,기다리</posterHighlight>
            <width>너비:</width>
            <wordlist>참가자에게 단어 목록 표시</wordlist>
            <wordlistTooltip>참가자에게 단어 목록 표시</wordlistTooltip>
            <wordlistHidden>참가자에게 단어 목록이 숨겨져 있습니다</wordlistHidden>
            <word>단어</word>
            <words>단어:</words>
            <wordsDescription></wordsDescription>
            <wordsFound>찾은 단어 수</wordsFound>
            <wordsList>단어 목록</wordsList>
            <wordsPlaceholder>구분된 단어 목록을 입력하거나 여기에 CSV 파일을 끌어다 놓습니다</wordsPlaceholder>
            <wordsTooltip>쉼표, 세미콜론 또는 공백으로 구분된 단어를 입력하세요</wordsTooltip>
        </wordsearch>
        <difficulty>
            <levels>easy,normal,hard,challenging,custom</levels>
            <easy>쉬운</easy>
            <easyMax>8</easyMax>
            <easyFontsize>9vmin</easyFontsize>
            <normal>미디엄 / 노멀</normal>
            <normalMax>12</normalMax>
            <normalFontsize>6vmin</normalFontsize>
            <hard>딱딱한</hard>
            <hardMax>16</hardMax>
            <hardFontsize>5.5vmin</hardFontsize>
            <challenging>도전적인</challenging>
            <challengingMax>24</challengingMax>
            <challengingFontsize>2.6vmin</challengingFontsize>
            <custom>사용자 정의</custom>
            <customMax>-1</customMax>
            <customFontsize>-1</customFontsize>
        </difficulty>
        <label>
            <!-- Change these values for every language - Begin -->
            <titleDefault>단어 검색</titleDefault>
            <!-- Change these values for every language - End -->
            <about>대해서</about>
            <allowPresentersSettings>발표자가 포드를 구성하도록 허용:</allowPresentersSettings>
            <checkForUpdateAvailableTooltip>에 대한 업데이트 다운로드 {getPodName}</checkForUpdateAvailableTooltip>
            <checkForUpdateTooltip>업데이트 확인 {getPodName}</checkForUpdateTooltip>
            <colorBackground>배경색:</colorBackground>
            <configure>설정</configure>
            <createdFor>에 대해 생성됨 &lt;i&gt;Adobe Connect&lt;/i&gt;</createdFor>
            <documentation>선적 서류 비치</documentation>
            <documentationTooltip>Envolvemedia에 피드백 보내기</documentationTooltip>
            <feedback>피드백</feedback>
            <feedbackTooltip>Envolvemedia에 피드백 보내기</feedbackTooltip>
            <forceLanguage>모두를 위한 설정:</forceLanguage>
            <forceLanguageTooltip>모든 참석자의 언어 설정</forceLanguageTooltip>
            <language>언어:</language>
            <name>이름</name>
            <notificationCompleted>잘했어요! &lt;br/&gt;{getPodName} 완료되었다</notificationCompleted>
            <notificationFailed>{getPodName} 을(를) 제대로 완료하지 않았습니다.</notificationFailed>
            <notificationIncomplete>{getPodName} 이(가) 완료되지 않았습니다.</notificationIncomplete>
            <notificationNotStarted>{getPodName} 이(가) 시작되지 않았습니다.</notificationNotStarted>
            <notificationPaused>{getPodName} 일시중지되었습니다. &lt;br/&gt;기다리세요!</notificationPaused>
            <notificationStarted>{getPodName} 이(가) 시작되었습니다.</notificationStarted>
            <notificationStopped>{getPodName} 이(가) 중지되었습니다!</notificationStopped>
            <pod>창</pod>
            <releaseDate>릴리스 날짜:</releaseDate>
            <results>결과</results>
            <status>상태</status>
            <title>포드 제목:</title>
            <updateAvailable>업데이트 가능</updateAvailable>
            <updateDate>업데이트된 출시일:</updateDate>
            <updateInstallInstructions>설치 지침</updateInstallInstructions>
            <updateInstallInstructionsTooltip>설치 지침 보기</updateInstallInstructionsTooltip>
            <updateVersion>업데이트된 버전:</updateVersion>
            <version>버전:</version>
        </label>
        <status>
            <complete>완벽한</complete>
            <completed>완성됨</completed>
            <failed>실패한</failed>
            <incomplete>불완전한</incomplete>
            <inProgress>진행 중</inProgress>
            <passed>합격</passed>
            <notStarted>시작되지 않음</notStarted>
        </status>
        <button>
            <cancel>취소</cancel>
            <cancelTooltip>취소</cancelTooltip>
            <checkForUpdate>업데이트를 확인</checkForUpdate>
            <checkForUpdateAvailable>업데이트 다운로드</checkForUpdateAvailable>
            <checkForUpdateNone>업데이트 없음</checkForUpdateNone>
            <clear>지우기</clear>
            <clearTooltip>지우기</clearTooltip>
            <help>정보 / 도움말</help>
            <helpTooltip>정보 / 도움말</helpTooltip>
            <ok>확인</ok>
            <okTooltip>확인</okTooltip>
            <pause>일시적인 중지</pause>
            <pauseTooltip>일시적인 중지 {getPodName}</pauseTooltip>
            <play>시작/재생</play>
            <playTooltip>시작/재생 {getPodName}</playTooltip>
            <print>인쇄</print>
            <printTooltip>인쇄</printTooltip>
            <quit>떠나다</quit>
            <quitTooltip>떠나다</quitTooltip>
            <refresh>새로 고치다</refresh>
            <refreshTooltip>새로 고치다</refreshTooltip>
            <reset>초기화</reset>
            <resetTooltip>초기화 {getPodName}</resetTooltip>
            <restart>재시작</restart>
            <restartTooltip>재시작 {getPodName}</restartTooltip>
            <results>결과</results>
            <resultsTooltip>결과 보기</resultsTooltip>
            <saveAsPdf>PDF로 저장</saveAsPdf>
            <saveAsPdfTooltip>PDF로 저장</saveAsPdfTooltip>
            <scores>점수</scores>
            <scoresTooltip>참석자 점수 표시</scoresTooltip>
            <settings>설정</settings>
            <settingsTooltip>설정 열기</settingsTooltip>
            <stop>중지</stop>
            <stopTooltip>중지 {getPodName}</stopTooltip>
        </button>
        <color>
            <cornsilk>콘실크|#FFF8DC</cornsilk>
            <darkBlue>다크 블루|#191970</darkBlue>
            <default>기본값|</default>
            <gray>회색|#808080</gray>
            <seaGreen>바다 녹색|#8FBC8F</seaGreen>
            <white>흰색|#FFFFFF</white>
            <custom>사용자 정의|custom</custom>
        </color>
    </ko>
    <it name='Italian' displayName='Italiano'>
        <error>
            <error>Errore</error>
            <generic>Si è verificato un errore</generic>
            <unknown>Si è verificato un errore sconosciuto</unknown>
            <noConnect>Non è stato avviato da Adobe Connect</noConnect>
        </error>
        <wordsearch>
            <collaborate>I partecipanti collaborano:</collaborate>
            <collaborateTooltip>La parola trovata da qualsiasi partecipante viene trovata per tutti i partecipanti</collaborateTooltip>
            <difficulty>Difficoltà:</difficulty>
            <fontSize>Dimensione del font:</fontSize>
            <foundBy>Trovato da</foundBy>
            <height>Altezza:</height>
            <letters>abcdefghijklmnopqrstuvwxyzàèéìòóù</letters>
            <posterOld>E,N,V,O,L,V,E,M,E,D,I,A|D,,V,A,L,O,R,E,,,,N|U,,,,,,,T,,N,A,D|C,,,,E,L,I,C,A,F,L,R|A,A,T,T,E,N,D,E,R,E,L,E|R,,O,,,,,N,,,E,W|E,C,C,E,L,L,E,N,Z,A,H,|,,R,P,R,E,G,O,,,C,Y|C,R,A,I,G,,,C,,,T,L|,,M,,,P,,,,,I,I|,M,A,R,I,A,N,N,A,,M,M|Q,U,A,L,I,T,À,A,D,O,B,E</posterOld>
            <poster>,,,,,,,,,,,|,,,,,,,,,,,|,,,,,,,,,,,|,,,,,,,,,,,|,A,T,T,E,N,D,E,R,E,,|,,,,,,,,,,,|,,,,,,,,,,,|,,,P,R,E,G,O,,,,|,,,,,,,,,,,|,,,,,,,,,,,|,,,,,,,,,,,|,,,,,,,,,,,</poster>
            <posterWords>ENVOLVEMEDIA,EDUCARE,ECCELLENZA,QUALITÀ,FACILE,VALORE,PAT,MARIANNA,ANDREA,EMILY,CRAIG,DAN,MARCO,MITCHELL,ADOBE</posterWords>
            <posterHighlight>ATTENDERE,PREGO</posterHighlight>
            <width>Larghezza:</width>
            <wordlist>Mostra elenco di parole ai partecipanti</wordlist>
            <wordlistTooltip>Mostra l'elenco delle parole ai partecipanti</wordlistTooltip>
            <wordlistHidden>L'elenco di parole è nascosto per i partecipanti</wordlistHidden>
            <word>Parola</word>
            <words>Parole:</words>
            <wordsDescription></wordsDescription>
            <wordsFound>N. di parole trovate</wordsFound>
            <wordsList>Elenco di Parole</wordsList>
            <wordsPlaceholder>Inserisci un elenco delimitato di parole o trascina/rilascia il file CSV qui</wordsPlaceholder>
            <wordsTooltip>Inserisci le parole separate da una virgola, un punto e virgola o uno spazio</wordsTooltip>
        </wordsearch>
        <difficulty>
            <levels>easy,normal,hard,challenging,custom</levels>
            <easy>Facile</easy>
            <easyMax>8</easyMax>
            <easyFontsize>9vmin</easyFontsize>
            <normal>Medio / Normale</normal>
            <normalMax>12</normalMax>
            <normalFontsize>6vmin</normalFontsize>
            <hard>Difficile</hard>
            <hardMax>16</hardMax>
            <hardFontsize>5.5vmin</hardFontsize>
            <challenging>Stimolante</challenging>
            <challengingMax>24</challengingMax>
            <challengingFontsize>2.6vmin</challengingFontsize>
            <custom>Personalizzato</custom>
            <customMax>-1</customMax>
            <customFontsize>-1</customFontsize>
        </difficulty>
        <label>
            <!-- Change these values for every language - Begin -->
            <titleDefault>Ricerca di parole</titleDefault>
            <!-- Change these values for every language - End -->
            <about>A proposito di</about>
            <allowPresentersSettings>Consenti ai relatori di configurare il Pod:</allowPresentersSettings>
            <checkForUpdateAvailableTooltip>Scarica l'aggiornamento per {getPodName}</checkForUpdateAvailableTooltip>
            <checkForUpdateTooltip>Controlla l'aggiornamento per {getPodName}</checkForUpdateTooltip>
            <colorBackground>Colore di Sfondo:</colorBackground>
            <configure>Configura</configure>
            <createdFor>Creato per &lt;i&gt;Adobe Connect&lt;/i&gt;</createdFor>
            <documentation>Documentazione</documentation>
            <documentationTooltip>Visualizza Guida / Documentazione</documentationTooltip>
            <feedback>Feedback</feedback>
            <feedbackTooltip>Invia feedback a Envolvemedia</feedbackTooltip>
            <forceLanguage>Preparato per tutti:</forceLanguage>
            <forceLanguageTooltip>Imposta la lingua per tutti i partecipanti</forceLanguageTooltip>
            <language>Linguaggio:</language>
            <name>Nome</name>
            <notificationCompleted>Ben fatto! &lt;br/&gt;{getPodName} è stato completato</notificationCompleted>
            <notificationFailed>Non hai completato correttamente {getPodName}.</notificationFailed>
            <notificationIncomplete>{getPodName} non è completo.</notificationIncomplete>
            <notificationNotStarted>{getPodName} non è stato avviato.</notificationNotStarted>
            <notificationPaused>{getPodName} è stato messo in pausa. &lt;br/&gt;Attendere prego!</notificationPaused>
            <notificationStarted>{getPodName} è stato avviato.</notificationStarted>
            <notificationStopped>{getPodName} è stato interrotto!</notificationStopped>
            <pod>Contenitore</pod>
            <releaseDate>Data di rilascio:</releaseDate>
            <results>Risultati</results>
            <status>Stato</status>
            <title>Titolo del baccello:</title>
            <updateAvailable>Aggiornamento disponibile</updateAvailable>
            <updateDate>Data di rilascio aggiornata:</updateDate>
            <updateInstallInstructions>Istruzioni per l'installazione</updateInstallInstructions>
            <updateInstallInstructionsTooltip>Visualizza le istruzioni di installazione</updateInstallInstructionsTooltip>
            <updateVersion>Versione aggiornata:</updateVersion>
            <version>Versione:</version>
        </label>
        <status>
            <complete>Completare</complete>
            <completed>Completato</completed>
            <failed>Fallito</failed>
            <incomplete>Incompleto</incomplete>
            <inProgress>In corso</inProgress>
            <passed>Passato</passed>
            <notStarted>Non avviato</notStarted>
        </status>
        <button>
            <cancel>Annulla</cancel>
            <cancelTooltip>Annulla</cancelTooltip>
            <checkForUpdate>Ricerca aggiornamenti</checkForUpdate>
            <checkForUpdateAvailable>Scarica aggiornamento</checkForUpdateAvailable>
            <checkForUpdateNone>Nessun aggiornamento disponibile</checkForUpdateNone>
            <clear>Cancella</clear>
            <clearTooltip>Cancella</clearTooltip>
            <help>Aiuto / Informazioni</help>
            <helpTooltip>Aiuto / Informazioni</helpTooltip>
            <ok>OK</ok>
            <okTooltip>OK</okTooltip>
            <pause>Pausa</pause>
            <pauseTooltip>Pausa {getPodName}</pauseTooltip>
            <play>Riproduci</play>
            <playTooltip>Riproduci {getPodName}</playTooltip>
            <print>Stampa</print>
            <printTooltip>Stampa</printTooltip>
            <quit>Smettere</quit>
            <quitTooltip>Chiudi</quitTooltip>
            <refresh>Aggiornare</refresh>
            <refreshTooltip>Aggiorna tabella</refreshTooltip>
            <reset>Ripristina</reset>
            <resetTooltip>Ripristina {getPodName}</resetTooltip>
            <restart>Riavvia</restart>
            <restartTooltip>Riavvia {getPodName}</restartTooltip>
            <results>Risultati</results>
            <resultsTooltip>Vedi i Risultati</resultsTooltip>
            <saveAsPdf>Salva come PDF</saveAsPdf>
            <saveAsPdfTooltip>Salva come PDF</saveAsPdfTooltip>
            <scores>Punteggio</scores>
            <scoresTooltip>Mostra i punteggi dei partecipanti</scoresTooltip>
            <settings>Impostazioni</settings>
            <settingsTooltip>Apri Impostazioni</settingsTooltip>
            <stop>Ferma</stop>
            <stopTooltip>Interrompi {getPodName}</stopTooltip>
        </button>
        <color>
            <cornsilk>Cornsilk|#FFF8DC</cornsilk>
            <darkBlue>Blu Scuro|#191970</darkBlue>
            <default>Predefinito|</default>
            <gray>Grigio|#808080</gray>
            <seaGreen>Verde mare|#8FBC8F</seaGreen>
            <white>Bianco|#FFFFFF</white>
            <custom>Personalizzato|custom</custom>
        </color>
    </it>
    <pt-br name='Portuguese' displayName='Português do Brasil'>
        <error>
            <error>Erro</error>
            <generic>Ocorreu um erro</generic>
            <unknown>Ocorreu um erro desconhecido</unknown>
            <noConnect>Isso não foi iniciado a partir do Adobe Connect</noConnect>
        </error>
        <wordsearch>
            <collaborate>Os participantes colaboram:</collaborate>
            <collaborateTooltip>A palavra encontrada por qualquer participante é encontrada para todos os participantes</collaborateTooltip>
            <difficulty>Dificuldade:</difficulty>
            <fontSize>Tamanho da fonte:</fontSize>
            <foundBy>Encontrado por</foundBy>
            <height>Altura:</height>
            <letters>abcdefghijklmnopqrstuvwxyzàáâãçéêíóôõú</letters>
            <poster>,,,,,,,,,,,|,,,,,,,,,,,|,,,,,,,,,,,|,,,,,,,,,,,|,P,O,R,,,F,A,V,O,R,|,,,,,,,,,,,|,,A,G,U,A,R,D,E,,,|,,,,,,,,,,,|,,,,,,,,,,,|,,,,,,,,,,,|,,,,,,,,,,,|,,,,,,,,,,,</poster>
            <posterWords>ENVOLVEMEDIA,EDUCAR,TREINAMENTO,EXCELÊNCIA,QUALIDADE,FÁCIL,VALOR,CONNECT,PAT,MARIANA,ANDREW,EMILY,CRAIG,DAN,MARC,MITCHELL,ADOBE</posterWords>
            <posterHighlight>POR,FAVOR,AGUARDE</posterHighlight>
            <width>Largura:</width>
            <wordlist>Mostrar lista de palavras aos participantes</wordlist>
            <wordlistTooltip>Exibir lista de palavras para os participantes</wordlistTooltip>
            <wordlistHidden>A lista de palavras está oculta para os participantes</wordlistHidden>
            <word>Palavra</word>
            <words>Palavras:</words>
            <wordsDescription></wordsDescription>
            <wordsFound>Nº de palavras encontradas</wordsFound>
            <wordsList>Lista de Palavras</wordsList>
            <wordsPlaceholder>Insira uma lista delimitada de palavras ou arraste/solte o arquivo CSV aqui</wordsPlaceholder>
            <wordsTooltip>Digite palavras separadas por vírgula, ponto e vírgula ou espaço</wordsTooltip>
        </wordsearch>
        <difficulty>
            <levels>easy,normal,hard,challenging,custom</levels>
            <easy>Fácil</easy>
            <easyMax>8</easyMax>
            <easyFontsize>9vmin</easyFontsize>
            <normal>Médio / Normal</normal>
            <normalMax>12</normalMax>
            <normalFontsize>6vmin</normalFontsize>
            <hard>Duro</hard>
            <hardMax>16</hardMax>
            <hardFontsize>5.5vmin</hardFontsize>
            <challenging>Desafiador</challenging>
            <challengingMax>24</challengingMax>
            <challengingFontsize>2.6vmin</challengingFontsize>
            <custom>Personalizado</custom>
            <customMax>-1</customMax>
            <customFontsize>-1</customFontsize>
        </difficulty>
        <label>
            <!-- Change these values for every language - Begin -->
            <titleDefault>Procura de palavras</titleDefault>
            <!-- Change these values for every language - End -->
            <about>Sobre</about>
            <allowPresentersSettings>Permitir que os apresentadores configurem o Pod:</allowPresentersSettings>
            <checkForUpdateAvailableTooltip>Baixar atualização para {getPodName}</checkForUpdateAvailableTooltip>
            <checkForUpdateTooltip>Verifique a atualização para {getPodName}</checkForUpdateTooltip>
            <colorBackground>Cor de fundo:</colorBackground>
            <configure>Configurar</configure>
            <createdFor>Criado para &lt;i&gt;Adobe Connect&lt;/i&gt;</createdFor>
            <documentation>Documentação</documentation>
            <documentationTooltip>Ver Ajuda / Documentação</documentationTooltip>
            <feedback>Comentários</feedback>
            <feedbackTooltip>Enviar feedback para a Envolvemedia</feedbackTooltip>
            <forceLanguage>Definir para todos:</forceLanguage>
            <forceLanguageTooltip>Definir idioma para todos os participantes</forceLanguageTooltip>
            <language>Idioma:</language>
            <name>Nome</name>
            <notificationCompleted>Bem feito! &lt;br/&gt;{getPodName} foi completado</notificationCompleted>
            <notificationFailed>Você não concluiu corretamente {getPodName}.</notificationFailed>
            <notificationIncomplete>{getPodName} não está completo.</notificationIncomplete>
            <notificationNotStarted>{getPodName} não foi iniciado.</notificationNotStarted>
            <notificationPaused>{getPodName} foi pausado. &lt;br/&gt;Por favor, espere!</notificationPaused>
            <notificationStarted>{getPodName} foi iniciado.</notificationStarted>
            <notificationStopped>{getPodName} foi interrompido!</notificationStopped>
            <pod>Pod</pod>
            <releaseDate>Data de lançamento:</releaseDate>
            <results>Resultados</results>
            <status>Status</status>
            <title>Título do pod:</title>
            <updateAvailable>Atualização disponível</updateAvailable>
            <updateDate>Data de lançamento atualizada:</updateDate>
            <updateInstallInstructions>Instruções de instalação</updateInstallInstructions>
            <updateInstallInstructionsTooltip>Ver instruções de instalação</updateInstallInstructionsTooltip>
            <updateVersion>Versão atualizada:</updateVersion>
            <version>Versão:</version>
        </label>
        <status>
            <complete>Completo</complete>
            <completed>Concluído</completed>
            <failed>Fracassado</failed>
            <incomplete>Incompleto</incomplete>
            <inProgress>Em Andamento</inProgress>
            <passed>Passado</passed>
            <notStarted>Não Foi Iniciado</notStarted>
        </status>
        <button>
            <cancel>Cancelar</cancel>
            <cancelTooltip>Cancelar</cancelTooltip>
            <checkForUpdate>Verifique atualizações</checkForUpdate>
            <checkForUpdateAvailable>Baixar atualização</checkForUpdateAvailable>
            <checkForUpdateNone>Nenhuma atualização disponível</checkForUpdateNone>
            <clear>Limpar</clear>
            <clearTooltip>Limpar</clearTooltip>
            <help>Ajuda / Sobre</help>
            <helpTooltip>Ajuda / Sobre</helpTooltip>
            <ok>OK</ok>
            <okTooltip>OK</okTooltip>
            <pause>Pausar</pause>
            <pauseTooltip>Pausar {getPodName}</pauseTooltip>
            <play>Jogar</play>
            <playTooltip>Jogar {getPodName}</playTooltip>
            <print>Imprimir</print>
            <printTooltip>Imprimir</printTooltip>
            <quit>Deixar</quit>
            <quitTooltip>Fechar</quitTooltip>
            <refresh>Atualizar</refresh>
            <refreshTooltip>Atualizar Tabela</refreshTooltip>
            <reset>Redefinir</reset>
            <resetTooltip>Redefinir {getPodName}</resetTooltip>
            <restart>Reiniciar</restart>
            <restartTooltip>Reiniciar {getPodName}</restartTooltip>
            <results>Resultados</results>
            <resultsTooltip>Ver Resultados</resultsTooltip>
            <saveAsPdf>Salvar como PDF</saveAsPdf>
            <saveAsPdfTooltip>Salvar como PDF</saveAsPdfTooltip>
            <scores>Pontuação</scores>
            <scoresTooltip>Mostrar pontuações dos participantes</scoresTooltip>
            <settings>Configurações</settings>
            <settingsTooltip>Abrir Configurações</settingsTooltip>
            <stop>Parar</stop>
            <stopTooltip>Parar {getPodName}</stopTooltip>
        </button>
        <color>
            <cornsilk>Seda de milho|#FFF8DC</cornsilk>
            <darkBlue>Azul Escuro|#191970</darkBlue>
            <default>Padrão|</default>
            <gray>Cinza|#808080</gray>
            <seaGreen>Verde Mar|#8FBC8F</seaGreen>
            <white>Branco|#FFFFFF</white>
            <custom>Personalizado|custom</custom>
        </color>
    </pt-br>
</strings>
