<?xml version='1.0' encoding='UTF-8'?>
<strings>
  <en name='English' displayName='English' default='true'>
    <error>
      <error>Error</error>
      <generic>An error occurred</generic>
      <unknown>An unknown error occurred</unknown>
      <noConnect>This has not been launched from Adobe Connect</noConnect>
    </error>
    <setting>
      <wordLimit>9</wordLimit>
    </setting>
    <color>
      <cornsilk>Cornsilk</cornsilk>
      <darkBlue>Dark Blue</darkBlue>
      <default>Default</default>
      <gray>Gray</gray>
      <seaGreen>Sea Green</seaGreen>
      <white>White</white>
      <custom>Custom</custom>
    </color>
    <keyboard>
      <letters>abcdefghijklmnopqrstuvwxyz</letters>
      <top>QWERTYUIOP</top>
      <middle>ASDFGHJKL</middle>
      <bottom>ZXCVBNM</bottom>
      <backspace>Backspace</backspace>
      <enter>Enter</enter>
    </keyboard>
    <field>
      <id>id</id>
      <name>Name</name>
      <attempts>Attempts</attempts>
      <status>Status</status>
      <correct>Correct</correct>
      <close>Close</close>
      <score>Score</score>
    </field>
    <label>
      <about>About</about>
      <configure>Configure</configure>
      <documentation>Documentation</documentation>
      <documentationTooltip>View Help / Documentation</documentationTooltip>
      <feedback>Feedback</feedback>
      <feedbackTooltip>Send Feedback to Envolvemedia</feedbackTooltip>
      <language>Language:</language>
      <version>Version:</version>
      <releaseDate>Initial Release Date:</releaseDate>
      <createdFor>Created for &lt;i&gt;Adobe Connect&lt;/i&gt;</createdFor>
      <allowPresentersSettings>Allow Presenters to configure pod:</allowPresentersSettings>
      <title>Pod Title:</title>
      <titleDefault>Word of the Day!</titleDefault>
      <word>Word:</word>
      <wordLimit>(Limit - {_customPodWordLimit_str} letters)</wordLimit>
      <validate>Validate Word Exists:</validate>
      <englishOnly>(English/Spanish Only)</englishOnly>
      <attempts># of Attempts:</attempts>
      <colorBackground>Background Color:</colorBackground>
      <please>Please</please>
      <wait>Wait</wait>
      <notificationNotStarted>{_customPodName_str} has not been started.</notificationNotStarted>
      <notificationStarted>{_customPodName_str} has started. Start guessing!</notificationStarted>
      <notificationStopped>{_customPodName_str} has been stopped!</notificationStopped>
      <notificationPaused>{_customPodName_str} has been paused, please wait!</notificationPaused>
      <notificationCompleted>Well done, you guessed the word!</notificationCompleted>
      <notificationFailed>You did not properly guess the word, {[getKey:_customPodWord_str]}.</notificationFailed>
      <notificationIncomplete>You must enter {[getWordLength:]} characters.</notificationIncomplete>
      <notificationNotExist>Word does not exist</notificationNotExist>
      <results>Results</results>
    </label>
    <status>
      <notStarted>Not Started</notStarted>
      <inProgress>In Progress</inProgress>
      <completed>Completed</completed>
      <successful>Successful</successful>
      <unsuccessful>Unsuccessful</unsuccessful>
    </status>
    <button>
      <ok>OK</ok>
      <okTooltip>OK</okTooltip>
      <close>Close</close>
      <closeTooltip>Close</closeTooltip>
      <cancel>Cancel</cancel>
      <cancelTooltip>Cancel</cancelTooltip>
      <clear>Clear</clear>
      <clearTooltip>Clear</clearTooltip>
      <print>Print</print>
      <printTooltip>Print</printTooltip>
      <saveAsPdf>Save as PDF</saveAsPdf>
      <saveAsPdfTooltip>Save as PDF</saveAsPdfTooltip>
      <quit>Quit</quit>
      <quitTooltip>Close</quitTooltip>
      <settings>Settings</settings>
      <settingsTooltip>Open Settings</settingsTooltip>
      <help>Help</help>
      <helpTooltip>Help/About</helpTooltip>
      <play>Play</play>
      <playTooltip>Play {_customPodName_str}</playTooltip>
      <reset>Reset</reset>
      <resetTooltip>Reset {_customPodName_str}</resetTooltip>
      <restart>Restart</restart>
      <restartTooltip>Restart {_customPodName_str}</restartTooltip>
      <stop>Stop</stop>
      <stopTooltip>Stop {_customPodName_str}</stopTooltip>
      <pause>Pause</pause>
      <pauseTooltip>Pause {_customPodName_str}</pauseTooltip>
      <score>Score</score>
      <scoreTooltip>Show Attendees Scores</scoreTooltip>
      <refresh>Refresh</refresh>
      <refreshTooltip>Refresh Table</refreshTooltip>
    </button>
  </en>
  <de name='German' displayName='Deutsch'>
    <error>
      <error>Fehler</error>
      <generic>Ein Fehler ist aufgetreten</generic>
      <unknown>Ein unbekannter Fehler ist aufgetreten</unknown>
      <noConnect>Dies wurde nicht von Adobe Connect gestartet</noConnect>
    </error>
    <setting>
      <wordLimit>10</wordLimit>
    </setting>
    <color>
      <cornsilk>Cornsilk</cornsilk>
      <darkBlue>Dunkelblau</darkBlue>
      <default>Standard</default>
      <gray>Grau</gray>
      <seaGreen>Meergrün</seaGreen>
      <white>Weiß</white>
      <custom>Benutzerdefiniert</custom>
    </color>
    <keyboard>
      <letters>abcdefghijklmnopqrstuvwxyzäöü</letters>
      <top>QWERTZUIOPÜ</top>
      <middle>ASDFGHJKLÖÄ</middle>
      <bottom>YXCVBNM</bottom>
      <backspace>Rücktaste</backspace>
      <enter>Eingabetaste</enter>
    </keyboard>
    <field>
      <id>id</id>
      <name>Name</name>
      <attempts>Versuche</attempts>
      <status>Status</status>
      <correct>Richtig</correct>
      <close>Schließen</close>
      <score>Ergebnis</score>
    </field>
    <label>
      <about>Über</about>
      <configure>Konfigurieren</configure>
      <documentation>Dokumentation</documentation>
      <documentationTooltip>Hilfe / Dokumentation Anzeigen</documentationTooltip>
      <feedback>Feedback</feedback>
      <feedbackTooltip>Senden Sie Feedback an Envolvemedia</feedbackTooltip>
      <language>Sprache:</language>
      <version>Version:</version>
      <releaseDate>Veröffentlichungsdatum:</releaseDate>
      <createdFor>Erstellt für &lt;i&gt;Adobe Connect&lt;/i&gt;</createdFor>
      <allowPresentersSettings>Moderatoren erlauben, Pod zu konfigurieren:</allowPresentersSettings>
      <title>Pod-Titel:</title>
      <titleDefault>Wort des Tages!</titleDefault>
      <word>Wort:</word>
      <wordLimit>(Beschränken - {_customPodWordLimit_str} Buchstaben)</wordLimit>
      <validate>Validieren Sie, dass das Wort existiert:</validate>
      <englishOnly>(Nur Englisch/Spanisch)</englishOnly>
      <attempts>Anzahl der Versuche:</attempts>
      <colorBackground>Hintergrundfarbe:</colorBackground>
      <please>Bitte</please>
      <wait>Warte</wait>
      <notificationNotStarted>{_customPodName_str} wurde nicht gestartet.</notificationNotStarted>
      <notificationStarted>{_customPodName_str} wurde gestartet. Fangen Sie an zu raten!</notificationStarted>
      <notificationStopped>{_customPodName_str} wurde gestoppt!</notificationStopped>
      <notificationPaused>{_customPodName_str} wurde pausiert, bitte warten!</notificationPaused>
      <notificationCompleted>Gut gemacht, Sie haben das Wort erraten!</notificationCompleted>
      <notificationFailed>Sie haben das Wort, {[getKey:_customPodWord_str]} nicht richtig erraten.</notificationFailed>
      <notificationIncomplete>Sie müssen {[getKey:_customPodWord_str].length} Zeichen eingeben.</notificationIncomplete>
      <notificationNotExist>Wort existiert nicht</notificationNotExist>
      <results>Ergebnisse</results>
    </label>
    <status>
      <notStarted>Nicht Gestartet</notStarted>
      <inProgress>In Bearbeitung</inProgress>
      <completed>Abgeschlossen</completed>
      <successful>Erfolgreich</successful>
      <unsuccessful>Erfolglos</unsuccessful>
    </status>
    <button>
      <ok>OK</ok>
      <okTooltip>OK</okTooltip>
      <close>Schließen</close>
      <closeTooltip>Schließen</closeTooltip>
      <cancel>Abbrechen</cancel>
      <cancelTooltip>Abbrechen</cancelTooltip>
      <clear>Abräumen</clear>
      <clearTooltip>Abräumen</clearTooltip>
      <print>Drucken</print>
      <printTooltip>Drucken</printTooltip>
      <saveAsPdf>Als PDF speichern</saveAsPdf>
      <saveAsPdfTooltip>Als PDF speichern</saveAsPdfTooltip>
      <quit>Beenden</quit>
      <quitTooltip>Beenden</quitTooltip>
      <settings>Einstellungen</settings>
      <settingsTooltip>Einstellungen öffnen</settingsTooltip>
      <help>Hilfe</help>
      <helpTooltip>Über/Hilfe</helpTooltip>
      <play>Spielen</play>
      <playTooltip>Spiele {_customPodName_str}</playTooltip>
      <reset>Zurücksetzen</reset>
      <resetTooltip>{_customPodName_str} Zurücksetzen</resetTooltip>
      <restart>Neustart</restart>
      <restartTooltip>Starte {_customPodName_str}</restartTooltip>
      <stop>Stopp</stop>
      <stopTooltip>Stopp {_customPodName_str}</stopTooltip>
      <pause>Pause</pause>
      <pauseTooltip>Pause {_customPodName_str}</pauseTooltip>
      <score>Ergebnis</score>
      <scoreTooltip>Teilnehmerergebnisse anzeigen</scoreTooltip>
      <refresh>Aktualisieren</refresh>
      <refreshTooltip>Tabelle Aktualisieren</refreshTooltip>
    </button>
  </de>
  <fr name='French' displayName='Français'>
    <error>
      <error>Erreur</error>
      <generic>Une erreur s'est produite</generic>
      <unknown>Une erreur inconnue s'est produite</unknown>
      <noConnect>Ceci n'a pas été lancé depuis Adobe Connect</noConnect>
    </error>
    <setting>
      <wordLimit>9</wordLimit>
    </setting>
    <color>
      <cornsilk>Cornsilk</cornsilk>
      <darkBlue>Bleu Foncé</darkBlue>
      <default>Par Défaut</default>
      <gray>Gris</gray>
      <seaGreen>Vert Marin</seaGreen>
      <white>Blanc</white>
      <custom>Personnalisé</custom>
    </color>
    <keyboard>
      <letters>abcdefghijklmnopqrstuvwxyzàâçäèéêëîïôœæùûüÿ</letters>
      <top>AZERTYUIOPÇ</top>
      <middle>QSDFGHJKLMÙ</middle>
      <bottom>WXCVBNÈÉÀ</bottom>
      <backspace>Suppr Arrière</backspace>
      <enter>Entrée</enter>
    </keyboard>
    <field>
      <id>id</id>
      <name>Nom</name>
      <attempts>Tentatives</attempts>
      <status>Statut</status>
      <correct>Correct</correct>
      <close>Fermer</close>
      <score>Note</score>
    </field>
    <label>
      <about>À propos du</about>
      <configure>Configurer</configure>
      <documentation>Documentation</documentation>
      <documentationTooltip>Afficher l'aide/la documentation</documentationTooltip>
      <feedback>Retour d'information</feedback>
      <feedbackTooltip>Envoyer des commentaires à Envolvemedia</feedbackTooltip>
      <language>Langue:</language>
      <version>Version:</version>
      <releaseDate>Date de sortie:</releaseDate>
      <createdFor>Créé pour &lt;i&gt;Adobe Connect&lt;/i&gt;</createdFor>
      <allowPresentersSettings>Autoriser les présentateurs à configurer le Pod:</allowPresentersSettings>
      <title>Titre du module:</title>
      <titleDefault>Mot du Jour!</titleDefault>
      <word>Mot:</word>
      <wordLimit>(Limiter - {_customPodWordLimit_str} lettres)</wordLimit>
      <validate>Valider le mot existe:</validate>
      <englishOnly>(Anglais/Espagnol uniquement)</englishOnly>
      <attempts>Nb de tentatives:</attempts>
      <colorBackground>Couleur d'arrière-plan:</colorBackground>
      <please>Veuillez</please>
      <wait>Patienter</wait>
      <notificationNotStarted>{_customPodName_str} n'a pas été démarré.</notificationNotStarted>
      <notificationStarted>{_customPodName_str} a démarré. Commencez à deviner!</notificationStarted>
      <notificationStopped>{_customPodName_str} a été arrêté!</notificationStopped>
      <notificationPaused>{_customPodName_str} a été suspendu, veuillez patienter!</notificationPaused>
      <notificationCompleted>Bien joué, vous avez deviné le mot!</notificationCompleted>
      <notificationFailed>Vous n'avez pas correctement deviné le mot, {[getKey:_customPodWord_str]}.</notificationFailed>
      <notificationIncomplete>Vous devez saisir {[getKey:_customPodWord_str].length} caractères.</notificationIncomplete>
      <notificationNotExist>Le mot n'existe pas</notificationNotExist>
      <results>Résultats</results>
    </label>
    <status>
      <notStarted>Non Démarré</notStarted>
      <inProgress>En Cours</inProgress>
      <completed>Terminé</completed>
      <successful>Réussi</successful>
      <unsuccessful>Infructueux</unsuccessful>
    </status>
    <button>
      <ok>OK</ok>
      <okTooltip>OK</okTooltip>
      <close>Fermer</close>
      <closeTooltip>Fermer</closeTooltip>
      <cancel>Annuler</cancel>
      <cancelTooltip>Annuler</cancelTooltip>
      <clear>Effacer</clear>
      <clearTooltip>Réinitialisation</clearTooltip>
      <print>Imprimer</print>
      <printTooltip>Imprimer</printTooltip>
      <saveAsPdf>Enregistrer au format PDF</saveAsPdf>
      <saveAsPdfTooltip>Enregistrer au format PDF</saveAsPdfTooltip>
      <quit>Quitter</quit>
      <quitTooltip>Fermer</quitTooltip>
      <settings>Paramètres</settings>
      <settingsTooltip>Ouvrir les Paramètres</settingsTooltip>
      <help>À Propos / Aide</help>
      <helpTooltip>À Propos / Aide</helpTooltip>
      <play>Jouer</play>
      <playTooltip>Lire {_customPodName_str}</playTooltip>
      <reset>Réinitialiser</reset>
      <resetTooltip>Réinitialiser {_customPodName_str}</resetTooltip>
      <restart>Redémarrer</restart>
      <restartTooltip>Redémarrer {_customPodName_str}</restartTooltip>
      <stop>Arrêter</stop>
      <stopTooltip>Arrêter {_customPodName_str}</stopTooltip>
      <pause>Pause</pause>
      <pauseTooltip>Suspendre {_customPodName_str}</pauseTooltip>
      <score>Note</score>
      <scoreTooltip>Afficher les scores des participants</scoreTooltip>
      <refresh>Réactualiser</refresh>
      <refreshTooltip>Tableau de mise à jour</refreshTooltip>
    </button>
  </fr>
  <es name='Spanish' displayName='Español'>
    <error>
      <error>Error</error>
      <generic>Ocurrió un error</generic>
      <unknown>Ocurrió un error desconocido</unknown>
      <noConnect>Esto no se ha iniciado desde Adobe Connect</noConnect>
    </error>
    <setting>
      <wordLimit>10</wordLimit>
    </setting>
    <color>
      <cornsilk>Cornsilk</cornsilk>
      <darkBlue>Azul Oscuro</darkBlue>
      <default>Predeterminado</default>
      <gray>Gris</gray>
      <seaGreen>Verde Mar</seaGreen>
      <white>Blanco</white>
      <custom>Personalizado</custom>
    </color>
    <keyboard>
      <letters>abcdefghijklmnopqrstuvwxyzñáéíóúüç</letters>
      <top>QWERTYUIOP</top>
      <middle>ASDFGHJKLÑÇ</middle>
      <bottom>ZXCVBNM</bottom>
      <backspace>Retroceso</backspace>
      <enter>Enter</enter>
    </keyboard>
    <field>
      <id>id</id>
      <name>Nombre</name>
      <attempts>Intentos</attempts>
      <status>Estado</status>
      <correct>Correcto</correct>
      <close>Cerrar</close>
      <score>Puntuación</score>
    </field>
    <label>
      <about>Sobre</about>
      <configure>Configurar</configure>
      <documentation>Documentación</documentation>
      <documentationTooltip>Ver Ayuda / Documentación</documentationTooltip>
      <feedback>Comentarios</feedback>
      <feedbackTooltip>Enviar comentarios a Envolvemedia</feedbackTooltip>
      <language>Idioma:</language>
      <version>Versión:</version>
      <releaseDate>Fecha de Lanzamiento:</releaseDate>
      <createdFor>Creado para &lt;i&gt;Adobe Connect&lt;/i&gt;</createdFor>
      <allowPresentersSettings>Permitir que los presentadores configuren Pod:</allowPresentersSettings>
      <title>Título del pod:</title>
      <titleDefault>¡Palabra del DIA!</titleDefault>
      <word>Palabra:</word>
      <wordLimit>(Límite - {_customPodWordLimit_str} letras)</wordLimit>
      <validate>Validar palabra existente:</validate>
      <englishOnly>(Solo Ingles / Español)</englishOnly>
      <attempts>Número de intentos:</attempts>
      <colorBackground>Color de Fondo:</colorBackground>
      <please>Por favor</please>
      <wait>esperar</wait>
      <notificationNotStarted>{_customPodName_str} no se ha iniciado.</notificationNotStarted>
      <notificationStarted>{_customPodName_str} ha comenzado. ¡Empieza a adivinar!</notificationStarted>
      <notificationStopped>{_customPodName_str} ha sido detenido!</notificationStopped>
      <notificationPaused>{_customPodName_str} ha sido pausado, ¡espere!</notificationPaused>
      <notificationCompleted>Bien hecho, ¡adivinaste la palabra!</notificationCompleted>
      <notificationFailed>No adivinaste correctamente la palabra, {[getKey:_customPodWord_str]}.</notificationFailed>
      <notificationIncomplete>Debe ingresar {[getKey:_customPodWord_str].length} caracteres.</notificationIncomplete>
      <notificationNotExist>La palabra no existe</notificationNotExist>
      <results>Resultados</results>
    </label>
    <status>
      <notStarted>No iniciado</notStarted>
      <inProgress>En progreso</inProgress>
      <completed>Completado</completed>
      <successful>Exitoso</successful>
      <unsuccessful>Fracasado</unsuccessful>
    </status>
    <button>
      <ok>OK</ok>
      <okTooltip>Aceptar</okTooltip>
      <close>Cerrar</close>
      <closeTooltip>Cerrar</closeTooltip>
      <cancel>Cancelar</cancel>
      <cancelTooltip>Cancelar</cancelTooltip>
      <clear>Limpiar</clear>
      <clearTooltip>Limpiar</clearTooltip>
      <print>Imprimir</print>
      <printTooltip>Imprimir</printTooltip>
      <saveAsPdf>Guardar como PDF</saveAsPdf>
      <saveAsPdfTooltip>Guardar como PDF</saveAsPdfTooltip>
      <quit>Salir</quit>
      <quitTooltip>Cerrar</quitTooltip>
      <settings>Configuracións</settings>
      <settingsTooltip>Configuración Abierta</settingsTooltip>
      <help>Ayuda / Acerca de</help>
      <helpTooltip>Ayuda / Acerca de</helpTooltip>
      <play>Reproducir</play>
      <playTooltip>Reproducir {_customPodName_str}</playTooltip>
      <reset>Reiniciar</reset>
      <resetTooltip>Restablecer {_customPodName_str}</resetTooltip>
      <restart>Reiniciar</restart>
      <restartTooltip>Reiniciar {_customPodName_str}</restartTooltip>
      <stop>Detener</stop>
      <stopTooltip>Detener {_customPodName_str}</stopTooltip>
      <pause>Pausa</pause>
      <pauseTooltip>Pausar {_customPodName_str}</pauseTooltip>
      <score>Puntuación</score>
      <scoreTooltip>Mostrar puntajes de los asistentes</scoreTooltip>
      <refresh>Actualizar</refresh>
      <refreshTooltip>Actualizar Tabla</refreshTooltip>
    </button>
  </es>
  <ja name='Japanese' displayName='日本語'>
    <error>
      <error>エラー</error>
      <generic>エラーが発生しました</generic>
      <unknown>不明なエラーが発生しました</unknown>
      <noConnect>これはAdobeConnectから起動されていません</noConnect>
    </error>
    <setting>
      <wordLimit>9</wordLimit>
    </setting>
    <color>
      <cornsilk>Cornsilk</cornsilk>
      <darkBlue>Dark Blue</darkBlue>
      <default>Default</default>
      <gray>Gray</gray>
      <seaGreen>Sea Green</seaGreen>
      <white>White</white>
      <custom>Custom</custom>
    </color>
    <keyboard>
      <letters>abcdefghijklmnopqrstuvwxyz</letters>
      <top>QWERTYUIOP</top>
      <middle>ASDFGHJKL</middle>
      <bottom>ZXCVBNM</bottom>
      <backspace>Backspace</backspace>
      <enter>Enter</enter>
    </keyboard>
    <field>
      <id>id</id>
      <name>Name</name>
      <attempts>Attempts</attempts>
      <status>Status</status>
      <correct>Correct</correct>
      <close>Close</close>
      <score>Score</score>
    </field>
    <label>
      <about>について</about>
      <configure>設定</configure>
      <documentation>ドキュメンテーション</documentation>
      <documentationTooltip>ヘルプ/ドキュメントの表示</documentationTooltip>
      <feedback>Feedback</feedback>
      <feedbackTooltip>Send Feedback to Envolvemedia</feedbackTooltip>
      <language>言語:</language>
      <version>バージョン:</version>
      <releaseDate>リリース日:</releaseDate>
      <createdFor>のために作成されました &lt;i&gt;Adobe Connect&lt;/i&gt;</createdFor>
      <allowPresentersSettings>Allow Presenters to view/configure pod:</allowPresentersSettings>
      <title>Pod Title:</title>
      <titleDefault>Connectordle</titleDefault>
      <word>Word:</word>
      <wordLimit>(Limit - {_customPodWordLimit_str} letters)</wordLimit>
      <validate>Validate Word Exists:</validate>
      <englishOnly>(English/Spanish Only)</englishOnly>
      <attempts># of Attempts:</attempts>
      <colorBackground>Background Color:</colorBackground>
      <please>Please</please>
      <wait>Wait</wait>
      <notificationNotStarted>{_customPodName_str} has not been started.</notificationNotStarted>
      <notificationStarted>{_customPodName_str} has started. Start guessing!</notificationStarted>
      <notificationStopped>{_customPodName_str} has been stopped!</notificationStopped>
      <notificationPaused>{_customPodName_str} has been paused, please wait!</notificationPaused>
      <notificationCompleted>Well done, you guessed the word!</notificationCompleted>
      <notificationFailed>You did not properly guess the word, {[getKey:_customPodWord_str]}.</notificationFailed>
      <notificationIncomplete>You must enter {[getKey:_customPodWord_str].length} characters.</notificationIncomplete>
      <notificationNotExist>Word does not exist</notificationNotExist>
      <results>Scores</results>
    </label>
    <status>
      <notStarted>Not Started</notStarted>
      <inProgress>In Progress</inProgress>
      <completed>Completed</completed>
      <successful>Successful</successful>
      <unsuccessful>Unsuccessful</unsuccessful>
    </status>
    <button>
      <ok>OK</ok>
      <okTooltip>OK</okTooltip>
      <close>Close</close>
      <closeTooltip>Close</closeTooltip>
      <cancel>キャンセル</cancel>
      <cancelTooltip>閉じる</cancelTooltip>
      <clear>クリア</clear>
      <clearTooltip>クリア</clearTooltip>
      <print>印刷</print>
      <printTooltip>印刷</printTooltip>
      <saveAsPdf>PDFとして保存</saveAsPdf>
      <saveAsPdfTooltip>証明書をPDFとして保存</saveAsPdfTooltip>
      <quit>終了</quit>
      <quitTooltip>証明書を閉じる</quitTooltip>
      <settings>設定</settings>
      <settingsTooltip>設定を開く</settingsTooltip>
      <help>について/ヘルプ</help>
      <helpTooltip>について/ヘルプ</helpTooltip>
      <play>Play</play>
      <playTooltip>Play {_customPodName_str}</playTooltip>
      <reset>Reset</reset>
      <resetTooltip>Reset {_customPodName_str}</resetTooltip>
      <restart>Restart</restart>
      <restartTooltip>Restart {_customPodName_str}</restartTooltip>
      <stop>Stop</stop>
      <stopTooltip>Stop {_customPodName_str}</stopTooltip>
      <pause>Pause</pause>
      <pauseTooltip>Pause {_customPodName_str}</pauseTooltip>
      <score>Score</score>
      <scoreTooltip>Show Attendees Scores</scoreTooltip>
      <refresh>Refresh</refresh>
      <refreshTooltip>Refresh Table</refreshTooltip>
    </button>
  </ja>
  <ko name='Korean' displayName='한국어'>
    <error>
      <error>오류</error>
      <generic>오류가 발생했습니다</generic>
      <unknown>알 수 없는 오류가 발생했습니다</unknown>
      <noConnect>このコンテンツはAdobe Connectから起動されていません</noConnect>
    </error>
    <setting>
      <wordLimit>9</wordLimit>
    </setting>
    <color>
      <cornsilk>Cornsilk</cornsilk>
      <darkBlue>Dark Blue</darkBlue>
      <default>Default</default>
      <gray>Gray</gray>
      <seaGreen>Sea Green</seaGreen>
      <white>White</white>
      <custom>Custom</custom>
    </color>
    <keyboard>
      <letters>abcdefghijklmnopqrstuvwxyz</letters>
      <top>QWERTYUIOP</top>
      <middle>ASDFGHJKL</middle>
      <bottom>ZXCVBNM</bottom>
      <backspace>Backspace</backspace>
      <enter>Enter</enter>
    </keyboard>
    <field>
      <id>id</id>
      <name>Name</name>
      <attempts>Attempts</attempts>
      <status>Status</status>
      <correct>Correct</correct>
      <close>Close</close>
      <score>Score</score>
    </field>
    <label>
      <about>대해서</about>
      <configure>설정</configure>
      <documentation>선적 서류 비치</documentation>
      <documentationTooltip>도움말 / 문서 보기</documentationTooltip>
      <feedback>Feedback</feedback>
      <feedbackTooltip>Send Feedback to Envolvemedia</feedbackTooltip>
      <language>언어:</language>
      <version>버전:</version>
      <releaseDate>릴리스 날짜:</releaseDate>
      <createdFor>에 대해 생성됨 &lt;i&gt;Adobe Connect&lt;/i&gt;</createdFor>
      <allowPresentersSettings>Allow Presenters to view/configure pod:</allowPresentersSettings>
      <title>Pod Title:</title>
      <titleDefault>Connectordle</titleDefault>
      <word>Word:</word>
      <wordLimit>(Limit - {_customPodWordLimit_str} letters)</wordLimit>
      <validate>Validate Word Exists:</validate>
      <englishOnly>(English/Spanish Only)</englishOnly>
      <attempts># of Attempts:</attempts>
      <colorBackground>Background Color:</colorBackground>
      <please>Please</please>
      <wait>Wait</wait>
      <notificationNotStarted>{_customPodName_str} has not been started.</notificationNotStarted>
      <notificationStarted>{_customPodName_str} has started. Start guessing!</notificationStarted>
      <notificationStopped>{_customPodName_str} has been stopped!</notificationStopped>
      <notificationPaused>{_customPodName_str} has been paused, please wait!</notificationPaused>
      <notificationCompleted>Well done, you guessed the word!</notificationCompleted>
      <notificationFailed>You did not properly guess the word, {[getKey:_customPodWord_str]}.</notificationFailed>
      <notificationIncomplete>You must enter {[getKey:_customPodWord_str].length} characters.</notificationIncomplete>
      <notificationNotExist>Word does not exist</notificationNotExist>
      <results>Scores</results>
    </label>
    <status>
      <notStarted>Not Started</notStarted>
      <inProgress>In Progress</inProgress>
      <completed>Completed</completed>
      <successful>Successful</successful>
      <unsuccessful>Unsuccessful</unsuccessful>
    </status>
    <button>
      <ok>확인</ok>
      <okTooltip>확인</okTooltip>
      <close>Close</close>
      <closeTooltip>Close</closeTooltip>
      <cancel>취소</cancel>
      <cancelTooltip>취소</cancelTooltip>
      <clear>지우기</clear>
      <clearTooltip>지우기</clearTooltip>
      <print>인쇄</print>
      <printTooltip>인쇄</printTooltip>
      <saveAsPdf>PDF로 저장</saveAsPdf>
      <saveAsPdfTooltip>PDF로 저장</saveAsPdfTooltip>
      <quit>떠나다</quit>
      <quitTooltip>떠나다</quitTooltip>
      <settings>설정</settings>
      <settingsTooltip>설정 열기</settingsTooltip>
      <help>정보 / 도움말</help>
      <helpTooltip>정보 / 도움말</helpTooltip>
      <play>Play</play>
      <playTooltip>Play {_customPodName_str}</playTooltip>
      <reset>Reset</reset>
      <resetTooltip>Reset {_customPodName_str}</resetTooltip>
      <restart>Restart</restart>
      <restartTooltip>Restart {_customPodName_str}</restartTooltip>
      <stop>Stop</stop>
      <stopTooltip>Stop {_customPodName_str}</stopTooltip>
      <pause>Pause</pause>
      <pauseTooltip>Pause {_customPodName_str}</pauseTooltip>
      <score>Score</score>
      <scoreTooltip>Show Attendees Scores</scoreTooltip>
      <refresh>Refresh</refresh>
      <refreshTooltip>Refresh Table</refreshTooltip>
    </button>
  </ko>
  <it name='Italian' displayName='Italiano'>
    <error>
      <error>Errore</error>
      <generic>Si è verificato un errore</generic>
      <unknown>Si è verificato un errore sconosciuto</unknown>
      <noConnect>Non è stato avviato da Adobe Connect</noConnect>
    </error>
    <setting>
      <wordLimit>9</wordLimit>
    </setting>
    <color>
      <cornsilk>Cornsilk</cornsilk>
      <darkBlue>Blu Scuro</darkBlue>
      <default>Predefinito</default>
      <gray>Grigio</gray>
      <seaGreen>Verde mare</seaGreen>
      <white>Bianco</white>
      <custom>Personalizzato</custom>
    </color>
    <keyboard>
      <letters>abcdefghijklmnopqrstuvwxyzàèéìòóùºª</letters>
      <top>QWERTYUIOPÈÉ</top>
      <middle>ASDFGHJKLÒÀÙ</middle>
      <bottom>ZXCVBNMÌ</bottom>
      <backspace>Backspace</backspace>
      <enter>Enter</enter>
    </keyboard>
    <field>
      <id>id</id>
      <name>Nome</name>
      <attempts>Tentativi</attempts>
      <status>Stato</status>
      <correct>Corretto</correct>
      <close>Chiudi</close>
      <score>Punteggio</score>
    </field>
    <label>
      <about>A proposito di</about>
      <configure>Configura</configure>
      <documentation>Documentazione</documentation>
      <documentationTooltip>Visualizza Guida / Documentazione</documentationTooltip>
      <feedback>Feedback</feedback>
      <feedbackTooltip>Invia feedback a Envolvemedia</feedbackTooltip>
      <language>Linguaggio:</language>
      <version>Versione:</version>
      <releaseDate>Data di rilascio:</releaseDate>
      <createdFor>Creato per &lt;i&gt;Adobe Connect&lt;/i&gt;</createdFor>
      <allowPresentersSettings>Consenti ai relatori di configurare il Pod:</allowPresentersSettings>
      <title>Titolo pod:</title>
      <titleDefault>Parola del Giorno!</titleDefault>
      <word>Parola:</word>
      <wordLimit>(Limita - {_customPodWordLimit_str} lettere)</wordLimit>
      <validate>Convalida la parola esiste:</validate>
      <englishOnly>(Solo Englese/Spagnolo)</englishOnly>
      <attempts># di Tentativi:</attempts>
      <colorBackground>Colore di Sfondo:</colorBackground>
      <please>Per Favore</please>
      <wait>Aspetta</wait>
      <notificationNotStarted>{_customPodName_str} non è stato avviato.</notificationNotStarted>
      <notificationStarted>{_customPodName_str} è stato avviato. Inizia a indovinare!</notificationStarted>
      <notificationStopped>{_customPodName_str} è stato interrotto!</notificationStopped>
      <notificationPaused>{_customPodName_str} è stato messo in pausa, attendi!</notificationPaused>
      <notificationCompleted>Ben fatto, hai indovinato la parola!</notificationCompleted>
      <notificationFailed>Non hai indovinato correttamente la parola, {[getKey:_customPodWord_str]}.</notificationFailed>
      <notificationIncomplete>Devi inserire {[getKey:_customPodWord_str].length} caratteri.</notificationIncomplete>
      <notificationNotExist>La parola non esiste</notificationNotExist>
      <results>Risultati</results>
    </label>
    <status>
      <notStarted>Non avviato</notStarted>
      <inProgress>In corso</inProgress>
      <completed>Completato</completed>
      <successful>Riuscito</successful>
      <unsuccessful>Senza esito</unsuccessful>
    </status>
    <button>
      <ok>OK</ok>
      <okTooltip>OK</okTooltip>
      <close>Chiudere</close>
      <closeTooltip>Chiudere</closeTooltip>
      <cancel>Annulla</cancel>
      <cancelTooltip>Annulla</cancelTooltip>
      <clear>Cancella</clear>
      <clearTooltip>Cancella</clearTooltip>
      <print>Stampa</print>
      <printTooltip>Stampa</printTooltip>
      <saveAsPdf>Salva come PDF</saveAsPdf>
      <saveAsPdfTooltip>Salva come PDF</saveAsPdfTooltip>
      <quit>Smettere</quit>
      <quitTooltip>Chiudi</quitTooltip>
      <settings>Impostazioni</settings>
      <settingsTooltip>Apri Impostazioni</settingsTooltip>
      <help>Aiuto / Informazioni</help>
      <helpTooltip>Aiuto / Informazioni</helpTooltip>
      <play>Riproduci</play>
      <playTooltip>Riproduci {_customPodName_str}</playTooltip>
      <reset>Ripristina</reset>
      <resetTooltip>Ripristina {_customPodName_str}</resetTooltip>
      <restart>Riavvia</restart>
      <restartTooltip>Riavvia {_customPodName_str}</restartTooltip>
      <stop>Ferma</stop>
      <stopTooltip>Interrompi {_customPodName_str}</stopTooltip>
      <pause>Pausa</pause>
      <pauseTooltip>Pausa {_customPodName_str}</pauseTooltip>
      <score>Punteggio</score>
      <scoreTooltip>Mostra i punteggi dei partecipanti</scoreTooltip>
      <refresh>Aggiornare</refresh>
      <refreshTooltip>Aggiorna tabella</refreshTooltip>
    </button>
  </it>
  <pt-br name='Portuguese' displayName='Português do Brasil'>
    <error>
      <error>Erro</error>
      <generic>Ocorreu um erro</generic>
      <unknown>Ocorreu um erro desconhecido</unknown>
      <noConnect>Isso não foi iniciado a partir do Adobe Connect</noConnect>
    </error>
    <setting>
      <wordLimit>10</wordLimit>
    </setting>
    <color>
      <cornsilk>Seda de milho</cornsilk>
      <darkBlue>Azul Escuro</darkBlue>
      <default>Padrão</default>
      <gray>Cinza</gray>
      <seaGreen>Verde Mar</seaGreen>
      <white>Branco</white>
      <custom>Personalizado</custom>
    </color>
    <keyboard>
      <letters>abcdefghijklmnopqrstuvwxyzàáãâéêíóôõúüç</letters>
      <!--
      <top>QWERTYUIOPÀÁÃÂ</top>
      <middle>ASDFGHJKLÇÉÊÍ</middle>
      <bottom>ZXCVBNMÓÔÕÚÜ</bottom>
      -->
      <top>QWERTYUIOP</top>
      <middle>ASDFGHJKLÇ</middle>
      <bottom>ZXCVBNM</bottom>
      <backspace>Retrocesso</backspace>
      <enter>Enter</enter>
    </keyboard>
    <field>
      <id>id</id>
      <name>Nome</name>
      <attempts>Tentativas</attempts>
      <status>Estado</status>
      <correct>Correto</correct>
      <close>Fechar</close>
      <score>Pontuação</score>
    </field>
    <label>
      <about>Sobre</about>
      <configure>Configurar</configure>
      <documentation>Documentação</documentation>
      <documentationTooltip>Ver Ajuda / Documentação</documentationTooltip>
      <feedback>Comentários</feedback>
      <feedbackTooltip>Enviar feedback para a Envolvemedia</feedbackTooltip>
      <language>Idioma:</language>
      <version>Versão:</version>
      <releaseDate>Data de lançamento:</releaseDate>
      <createdFor>Criado para &lt;i&gt;Adobe Connect&lt;/i&gt;</createdFor>
      <allowPresentersSettings>Permitir que os apresentadores configurem o Pod:</allowPresentersSettings>
      <title>Título do pod:</title>
      <titleDefault>Palavra do Dia!</titleDefault>
      <word>Palavra:</word>
      <wordLimit>(Limite - de {_customPodWordLimit_str} letras)</wordLimit>
      <validate>Validar palavra existente:</validate>
      <englishOnly>(Somente Inglês/Espanhol)</englishOnly>
      <attempts>Nº de tentativas:</attempts>
      <colorBackground>Cor de fundo:</colorBackground>
      <please>Por favor</please>
      <wait>Espere</wait>
      <notificationNotStarted>{_customPodName_str} não foi iniciado.</notificationNotStarted>
      <notificationStarted>{_customPodName_str} foi iniciado. Comece a adivinhar!</notificationStarted>
      <notificationStopped>{_customPodName_str} foi interrompido!</notificationStopped>
      <notificationPaused>{_customPodName_str} foi pausado, aguarde!</notificationPaused>
      <notificationCompleted>Muito bem, você adivinhou a palavra!</notificationCompleted>
      <notificationFailed>Você não adivinhou corretamente a palavra, {[getKey:_customPodWord_str]}.</notificationFailed>
      <notificationIncomplete>Você deve inserir {[getKey:_customPodWord_str].length} caracteres.</notificationIncomplete>
      <notificationNotExist>A palavra não existe</notificationNotExist>
      <results>Resultados</results>
    </label>
    <status>
      <notStarted>Não iniciado</notStarted>
      <inProgress>Em Andamento</inProgress>
      <completed>Concluído</completed>
      <successful>Sucesso</successful>
      <unsuccessful>Malsucedido</unsuccessful>
    </status>
    <button>
      <ok>OK</ok>
      <okTooltip>OK</okTooltip>
      <close>Fechar</close>
      <closeTooltip>Fechar</closeTooltip>
      <cancel>Cancelar</cancel>
      <cancelTooltip>Cancelar</cancelTooltip>
      <clear>Limpar</clear>
      <clearTooltip>Limpar</clearTooltip>
      <print>Imprimir</print>
      <printTooltip>Imprimir</printTooltip>
      <saveAsPdf>Salvar como PDF</saveAsPdf>
      <saveAsPdfTooltip>Salvar como PDF</saveAsPdfTooltip>
      <quit>Deixar</quit>
      <quitTooltip>Fechar</quitTooltip>
      <settings>Configurações</settings>
      <settingsTooltip>Abrir Configurações</settingsTooltip>
      <help>Ajuda / Sobre</help>
      <helpTooltip>Ajuda / Sobre</helpTooltip>
      <play>Jogar</play>
      <playTooltip>Jogar {_customPodName_str}</playTooltip>
      <reset>Redefinir</reset>
      <resetTooltip>Redefinir {_customPodName_str}</resetTooltip>
      <restart>Reiniciar</restart>
      <restartTooltip>Reiniciar {_customPodName_str}</restartTooltip>
      <stop>Parar</stop>
      <stopTooltip>Parar {_customPodName_str}</stopTooltip>
      <pause>Pausar</pause>
      <pauseTooltip>Pausar {_customPodName_str}</pauseTooltip>
      <score>Pontuação</score>
      <scoreTooltip>Mostrar pontuações dos participantes</scoreTooltip>
      <refresh>Atualizar</refresh>
      <refreshTooltip>Atualizar Tabela</refreshTooltip>
    </button>
  </pt-br>
</strings>
